CustomerID,Country,ValidFrom,ValidTo,IsCurrent,CustomerKey_SCD2
17850.0,United Kingdom,2010-01-01,2099-12-31,True,1
13047.0,United Kingdom,2010-01-01,2099-12-31,True,2
12583.0,France,2010-01-01,2099-12-31,True,3
13748.0,United Kingdom,2010-01-01,2099-12-31,True,4
15100.0,United Kingdom,2010-01-01,2099-12-31,True,5
15291.0,United Kingdom,2010-01-01,2099-12-31,True,6
14688.0,United Kingdom,2010-01-01,2099-12-31,True,7
17809.0,United Kingdom,2010-01-01,2099-12-31,True,8
15311.0,United Kingdom,2010-01-01,2099-12-31,True,9
16098.0,United Kingdom,2010-01-01,2099-12-31,True,10
18074.0,United Kingdom,2010-01-01,2099-12-31,True,11
17420.0,United Kingdom,2010-01-01,2099-12-31,True,12
16029.0,United Kingdom,2010-01-01,2099-12-31,True,13
16250.0,United Kingdom,2010-01-01,2099-12-31,True,14
12431.0,Australia,2010-01-01,2099-12-31,True,15
17511.0,United Kingdom,2010-01-01,2099-12-31,True,16
13705.0,United Kingdom,2010-01-01,2099-12-31,True,17
13747.0,United Kingdom,2010-01-01,2099-12-31,True,18
13408.0,United Kingdom,2010-01-01,2099-12-31,True,19
13767.0,United Kingdom,2010-01-01,2099-12-31,True,20
17924.0,United Kingdom,2010-01-01,2099-12-31,True,21
13448.0,United Kingdom,2010-01-01,2099-12-31,True,22
15862.0,United Kingdom,2010-01-01,2099-12-31,True,23
15513.0,United Kingdom,2010-01-01,2099-12-31,True,24
12791.0,Netherlands,2010-01-01,2099-12-31,True,25
16218.0,United Kingdom,2010-01-01,2099-12-31,True,26
14045.0,United Kingdom,2010-01-01,2099-12-31,True,27
14307.0,United Kingdom,2010-01-01,2099-12-31,True,28
17908.0,United Kingdom,2010-01-01,2099-12-31,True,29
17920.0,United Kingdom,2010-01-01,2099-12-31,True,30
12838.0,United Kingdom,2010-01-01,2099-12-31,True,31
13255.0,United Kingdom,2010-01-01,2099-12-31,True,32
16583.0,United Kingdom,2010-01-01,2099-12-31,True,33
18085.0,United Kingdom,2010-01-01,2099-12-31,True,34
13758.0,United Kingdom,2010-01-01,2099-12-31,True,35
13694.0,United Kingdom,2010-01-01,2099-12-31,True,36
15983.0,United Kingdom,2010-01-01,2099-12-31,True,37
14849.0,United Kingdom,2010-01-01,2099-12-31,True,38
17968.0,United Kingdom,2010-01-01,2099-12-31,True,39
16210.0,United Kingdom,2010-01-01,2099-12-31,True,40
17897.0,United Kingdom,2010-01-01,2099-12-31,True,41
17377.0,United Kingdom,2010-01-01,2099-12-31,True,42
16552.0,United Kingdom,2010-01-01,2099-12-31,True,43
17181.0,United Kingdom,2010-01-01,2099-12-31,True,44
17951.0,United Kingdom,2010-01-01,2099-12-31,True,45
14729.0,United Kingdom,2010-01-01,2099-12-31,True,46
12748.0,United Kingdom,2010-01-01,2099-12-31,True,47
15012.0,United Kingdom,2010-01-01,2099-12-31,True,48
12868.0,United Kingdom,2010-01-01,2099-12-31,True,49
17572.0,United Kingdom,2010-01-01,2099-12-31,True,50
14078.0,United Kingdom,2010-01-01,2099-12-31,True,51
14001.0,United Kingdom,2010-01-01,2099-12-31,True,52
12662.0,Germany,2010-01-01,2099-12-31,True,53
15525.0,United Kingdom,2010-01-01,2099-12-31,True,54
14237.0,United Kingdom,2010-01-01,2099-12-31,True,55
17905.0,United Kingdom,2010-01-01,2099-12-31,True,56
15485.0,United Kingdom,2010-01-01,2099-12-31,True,57
12433.0,Norway,2010-01-01,2099-12-31,True,58
16955.0,United Kingdom,2010-01-01,2099-12-31,True,59
15350.0,United Kingdom,2010-01-01,2099-12-31,True,60
15605.0,United Kingdom,2010-01-01,2099-12-31,True,61
18144.0,United Kingdom,2010-01-01,2099-12-31,True,62
15922.0,United Kingdom,2010-01-01,2099-12-31,True,63
14594.0,United Kingdom,2010-01-01,2099-12-31,True,64
15165.0,United Kingdom,2010-01-01,2099-12-31,True,65
14911.0,EIRE,2010-01-01,2099-12-31,True,66
16456.0,United Kingdom,2010-01-01,2099-12-31,True,67
17346.0,United Kingdom,2010-01-01,2099-12-31,True,68
17643.0,United Kingdom,2010-01-01,2099-12-31,True,69
17841.0,United Kingdom,2010-01-01,2099-12-31,True,70
17873.0,United Kingdom,2010-01-01,2099-12-31,True,71
13093.0,United Kingdom,2010-01-01,2099-12-31,True,72
12921.0,United Kingdom,2010-01-01,2099-12-31,True,73
13468.0,United Kingdom,2010-01-01,2099-12-31,True,74
17760.0,United Kingdom,2010-01-01,2099-12-31,True,75
16928.0,United Kingdom,2010-01-01,2099-12-31,True,76
16048.0,United Kingdom,2010-01-01,2099-12-31,True,77
16274.0,United Kingdom,2010-01-01,2099-12-31,True,78
14496.0,United Kingdom,2010-01-01,2099-12-31,True,79
14696.0,United Kingdom,2010-01-01,2099-12-31,True,80
16539.0,United Kingdom,2010-01-01,2099-12-31,True,81
17025.0,United Kingdom,2010-01-01,2099-12-31,True,82
13777.0,United Kingdom,2010-01-01,2099-12-31,True,83
17690.0,United Kingdom,2010-01-01,2099-12-31,True,84
12947.0,United Kingdom,2010-01-01,2099-12-31,True,85
17460.0,United Kingdom,2010-01-01,2099-12-31,True,86
18229.0,United Kingdom,2010-01-01,2099-12-31,True,87
14142.0,United Kingdom,2010-01-01,2099-12-31,True,88
17069.0,United Kingdom,2010-01-01,2099-12-31,True,89
13065.0,United Kingdom,2010-01-01,2099-12-31,True,90
14606.0,United Kingdom,2010-01-01,2099-12-31,True,91
16835.0,United Kingdom,2010-01-01,2099-12-31,True,92
15235.0,United Kingdom,2010-01-01,2099-12-31,True,93
13576.0,United Kingdom,2010-01-01,2099-12-31,True,94
18011.0,United Kingdom,2010-01-01,2099-12-31,True,95
13090.0,United Kingdom,2010-01-01,2099-12-31,True,96
15694.0,United Kingdom,2010-01-01,2099-12-31,True,97
14741.0,United Kingdom,2010-01-01,2099-12-31,True,98
13715.0,United Kingdom,2010-01-01,2099-12-31,True,99
17732.0,United Kingdom,2010-01-01,2099-12-31,True,100
12855.0,United Kingdom,2010-01-01,2099-12-31,True,101
15752.0,United Kingdom,2010-01-01,2099-12-31,True,102
17855.0,United Kingdom,2010-01-01,2099-12-31,True,103
14047.0,United Kingdom,2010-01-01,2099-12-31,True,104
17925.0,United Kingdom,2010-01-01,2099-12-31,True,105
13941.0,United Kingdom,2010-01-01,2099-12-31,True,106
17017.0,United Kingdom,2010-01-01,2099-12-31,True,107
14135.0,United Kingdom,2010-01-01,2099-12-31,True,108
13108.0,United Kingdom,2010-01-01,2099-12-31,True,109
15601.0,United Kingdom,2010-01-01,2099-12-31,True,110
13418.0,United Kingdom,2010-01-01,2099-12-31,True,111
15658.0,United Kingdom,2010-01-01,2099-12-31,True,112
14388.0,United Kingdom,2010-01-01,2099-12-31,True,113
14901.0,United Kingdom,2010-01-01,2099-12-31,True,114
18041.0,United Kingdom,2010-01-01,2099-12-31,True,115
15955.0,United Kingdom,2010-01-01,2099-12-31,True,116
15070.0,United Kingdom,2010-01-01,2099-12-31,True,117
16244.0,United Kingdom,2010-01-01,2099-12-31,True,118
15111.0,United Kingdom,2010-01-01,2099-12-31,True,119
14390.0,United Kingdom,2010-01-01,2099-12-31,True,120
16546.0,United Kingdom,2010-01-01,2099-12-31,True,121
15260.0,United Kingdom,2010-01-01,2099-12-31,True,122
13305.0,United Kingdom,2010-01-01,2099-12-31,True,123
14491.0,United Kingdom,2010-01-01,2099-12-31,True,124
14060.0,United Kingdom,2010-01-01,2099-12-31,True,125
15923.0,United Kingdom,2010-01-01,2099-12-31,True,126
16752.0,United Kingdom,2010-01-01,2099-12-31,True,127
17287.0,United Kingdom,2010-01-01,2099-12-31,True,128
15363.0,United Kingdom,2010-01-01,2099-12-31,True,129
12915.0,United Kingdom,2010-01-01,2099-12-31,True,130
15544.0,United Kingdom,2010-01-01,2099-12-31,True,131
15738.0,United Kingdom,2010-01-01,2099-12-31,True,132
17381.0,United Kingdom,2010-01-01,2099-12-31,True,133
15827.0,United Kingdom,2010-01-01,2099-12-31,True,134
14180.0,United Kingdom,2010-01-01,2099-12-31,True,135
13117.0,United Kingdom,2010-01-01,2099-12-31,True,136
16916.0,United Kingdom,2010-01-01,2099-12-31,True,137
17964.0,United Kingdom,2010-01-01,2099-12-31,True,138
14466.0,United Kingdom,2010-01-01,2099-12-31,True,139
17235.0,United Kingdom,2010-01-01,2099-12-31,True,140
16510.0,United Kingdom,2010-01-01,2099-12-31,True,141
17802.0,United Kingdom,2010-01-01,2099-12-31,True,142
15107.0,United Kingdom,2010-01-01,2099-12-31,True,143
17976.0,United Kingdom,2010-01-01,2099-12-31,True,144
14449.0,United Kingdom,2010-01-01,2099-12-31,True,145
16781.0,United Kingdom,2010-01-01,2099-12-31,True,146
13491.0,United Kingdom,2010-01-01,2099-12-31,True,147
16186.0,United Kingdom,2010-01-01,2099-12-31,True,148
17685.0,United Kingdom,2010-01-01,2099-12-31,True,149
17581.0,United Kingdom,2010-01-01,2099-12-31,True,150
15732.0,United Kingdom,2010-01-01,2099-12-31,True,151
13138.0,United Kingdom,2010-01-01,2099-12-31,True,152
15823.0,United Kingdom,2010-01-01,2099-12-31,True,153
17567.0,United Kingdom,2010-01-01,2099-12-31,True,154
15061.0,United Kingdom,2010-01-01,2099-12-31,True,155
16203.0,United Kingdom,2010-01-01,2099-12-31,True,156
15640.0,United Kingdom,2010-01-01,2099-12-31,True,157
15574.0,United Kingdom,2010-01-01,2099-12-31,True,158
16770.0,United Kingdom,2010-01-01,2099-12-31,True,159
17838.0,United Kingdom,2010-01-01,2099-12-31,True,160
17228.0,United Kingdom,2010-01-01,2099-12-31,True,161
14829.0,United Kingdom,2010-01-01,2099-12-31,True,162
17412.0,United Kingdom,2010-01-01,2099-12-31,True,163
14031.0,United Kingdom,2010-01-01,2099-12-31,True,164
14775.0,United Kingdom,2010-01-01,2099-12-31,True,165
12971.0,United Kingdom,2010-01-01,2099-12-31,True,166
17659.0,United Kingdom,2010-01-01,2099-12-31,True,167
15299.0,United Kingdom,2010-01-01,2099-12-31,True,168
15646.0,United Kingdom,2010-01-01,2099-12-31,True,169
13402.0,United Kingdom,2010-01-01,2099-12-31,True,170
17757.0,United Kingdom,2010-01-01,2099-12-31,True,171
13011.0,United Kingdom,2010-01-01,2099-12-31,True,172
13798.0,United Kingdom,2010-01-01,2099-12-31,True,173
16754.0,United Kingdom,2010-01-01,2099-12-31,True,174
16634.0,United Kingdom,2010-01-01,2099-12-31,True,175
18239.0,United Kingdom,2010-01-01,2099-12-31,True,176
14576.0,United Kingdom,2010-01-01,2099-12-31,True,177
13145.0,United Kingdom,2010-01-01,2099-12-31,True,178
18168.0,United Kingdom,2010-01-01,2099-12-31,True,179
14395.0,United Kingdom,2010-01-01,2099-12-31,True,180
14865.0,United Kingdom,2010-01-01,2099-12-31,True,181
15093.0,United Kingdom,2010-01-01,2099-12-31,True,182
12738.0,Germany,2010-01-01,2099-12-31,True,183
16150.0,United Kingdom,2010-01-01,2099-12-31,True,184
17552.0,United Kingdom,2010-01-01,2099-12-31,True,185
14236.0,United Kingdom,2010-01-01,2099-12-31,True,186
17961.0,United Kingdom,2010-01-01,2099-12-31,True,187
14573.0,United Kingdom,2010-01-01,2099-12-31,True,188
17135.0,United Kingdom,2010-01-01,2099-12-31,True,189
17396.0,United Kingdom,2010-01-01,2099-12-31,True,190
12967.0,United Kingdom,2010-01-01,2099-12-31,True,191
12686.0,France,2010-01-01,2099-12-31,True,192
13370.0,United Kingdom,2010-01-01,2099-12-31,True,193
16883.0,United Kingdom,2010-01-01,2099-12-31,True,194
13520.0,Switzerland,2010-01-01,2099-12-31,True,195
12841.0,United Kingdom,2010-01-01,2099-12-31,True,196
16905.0,United Kingdom,2010-01-01,2099-12-31,True,197
12427.0,Germany,2010-01-01,2099-12-31,True,198
17967.0,United Kingdom,2010-01-01,2099-12-31,True,199
16891.0,United Kingdom,2010-01-01,2099-12-31,True,200
14589.0,United Kingdom,2010-01-01,2099-12-31,True,201
14156.0,EIRE,2010-01-01,2099-12-31,True,202
14680.0,United Kingdom,2010-01-01,2099-12-31,True,203
17884.0,United Kingdom,2010-01-01,2099-12-31,True,204
12557.0,Spain,2010-01-01,2099-12-31,True,205
14083.0,United Kingdom,2010-01-01,2099-12-31,True,206
13013.0,United Kingdom,2010-01-01,2099-12-31,True,207
14210.0,United Kingdom,2010-01-01,2099-12-31,True,208
16477.0,United Kingdom,2010-01-01,2099-12-31,True,209
12600.0,Germany,2010-01-01,2099-12-31,True,210
16013.0,United Kingdom,2010-01-01,2099-12-31,True,211
17949.0,United Kingdom,2010-01-01,2099-12-31,True,212
12779.0,Poland,2010-01-01,2099-12-31,True,213
16926.0,United Kingdom,2010-01-01,2099-12-31,True,214
17787.0,United Kingdom,2010-01-01,2099-12-31,True,215
12682.0,France,2010-01-01,2099-12-31,True,216
14723.0,United Kingdom,2010-01-01,2099-12-31,True,217
17954.0,United Kingdom,2010-01-01,2099-12-31,True,218
17819.0,United Kingdom,2010-01-01,2099-12-31,True,219
12712.0,Germany,2010-01-01,2099-12-31,True,220
15373.0,United Kingdom,2010-01-01,2099-12-31,True,221
16140.0,United Kingdom,2010-01-01,2099-12-31,True,222
17198.0,United Kingdom,2010-01-01,2099-12-31,True,223
17238.0,United Kingdom,2010-01-01,2099-12-31,True,224
12793.0,Portugal,2010-01-01,2099-12-31,True,225
15769.0,United Kingdom,2010-01-01,2099-12-31,True,226
14396.0,United Kingdom,2010-01-01,2099-12-31,True,227
14898.0,United Kingdom,2010-01-01,2099-12-31,True,228
12725.0,Italy,2010-01-01,2099-12-31,True,229
16725.0,United Kingdom,2010-01-01,2099-12-31,True,230
12395.0,Belgium,2010-01-01,2099-12-31,True,231
16455.0,United Kingdom,2010-01-01,2099-12-31,True,232
13081.0,United Kingdom,2010-01-01,2099-12-31,True,233
15545.0,United Kingdom,2010-01-01,2099-12-31,True,234
17243.0,United Kingdom,2010-01-01,2099-12-31,True,235
15465.0,United Kingdom,2010-01-01,2099-12-31,True,236
13089.0,United Kingdom,2010-01-01,2099-12-31,True,237
16033.0,United Kingdom,2010-01-01,2099-12-31,True,238
13838.0,United Kingdom,2010-01-01,2099-12-31,True,239
18055.0,United Kingdom,2010-01-01,2099-12-31,True,240
15038.0,United Kingdom,2010-01-01,2099-12-31,True,241
18109.0,United Kingdom,2010-01-01,2099-12-31,True,242
13069.0,United Kingdom,2010-01-01,2099-12-31,True,243
16241.0,United Kingdom,2010-01-01,2099-12-31,True,244
14800.0,United Kingdom,2010-01-01,2099-12-31,True,245
15708.0,United Kingdom,2010-01-01,2099-12-31,True,246
16839.0,United Kingdom,2010-01-01,2099-12-31,True,247
16168.0,United Kingdom,2010-01-01,2099-12-31,True,248
16931.0,United Kingdom,2010-01-01,2099-12-31,True,249
16814.0,United Kingdom,2010-01-01,2099-12-31,True,250
15351.0,United Kingdom,2010-01-01,2099-12-31,True,251
13269.0,United Kingdom,2010-01-01,2099-12-31,True,252
14813.0,United Kingdom,2010-01-01,2099-12-31,True,253
12567.0,France,2010-01-01,2099-12-31,True,254
17062.0,United Kingdom,2010-01-01,2099-12-31,True,255
15332.0,Lithuania,2010-01-01,2099-12-31,True,256
14810.0,United Kingdom,2010-01-01,2099-12-31,True,257
16353.0,United Kingdom,2010-01-01,2099-12-31,True,258
18118.0,United Kingdom,2010-01-01,2099-12-31,True,259
13831.0,United Kingdom,2010-01-01,2099-12-31,True,260
13506.0,United Kingdom,2010-01-01,2099-12-31,True,261
17796.0,United Kingdom,2010-01-01,2099-12-31,True,262
15716.0,United Kingdom,2010-01-01,2099-12-31,True,263
18156.0,United Kingdom,2010-01-01,2099-12-31,True,264
16983.0,United Kingdom,2010-01-01,2099-12-31,True,265
17059.0,United Kingdom,2010-01-01,2099-12-31,True,266
16327.0,United Kingdom,2010-01-01,2099-12-31,True,267
17211.0,United Kingdom,2010-01-01,2099-12-31,True,268
17026.0,United Kingdom,2010-01-01,2099-12-31,True,269
15570.0,United Kingdom,2010-01-01,2099-12-31,True,270
15880.0,United Kingdom,2010-01-01,2099-12-31,True,271
16718.0,United Kingdom,2010-01-01,2099-12-31,True,272
15808.0,United Kingdom,2010-01-01,2099-12-31,True,273
17858.0,United Kingdom,2010-01-01,2099-12-31,True,274
16393.0,United Kingdom,2010-01-01,2099-12-31,True,275
14527.0,United Kingdom,2010-01-01,2099-12-31,True,276
14161.0,United Kingdom,2010-01-01,2099-12-31,True,277
17863.0,United Kingdom,2010-01-01,2099-12-31,True,278
16411.0,United Kingdom,2010-01-01,2099-12-31,True,279
16402.0,United Kingdom,2010-01-01,2099-12-31,True,280
15023.0,United Kingdom,2010-01-01,2099-12-31,True,281
17402.0,United Kingdom,2010-01-01,2099-12-31,True,282
15426.0,United Kingdom,2010-01-01,2099-12-31,True,283
12647.0,Germany,2010-01-01,2099-12-31,True,284
15894.0,United Kingdom,2010-01-01,2099-12-31,True,285
15867.0,United Kingdom,2010-01-01,2099-12-31,True,286
12472.0,Germany,2010-01-01,2099-12-31,True,287
14506.0,United Kingdom,2010-01-01,2099-12-31,True,288
15555.0,United Kingdom,2010-01-01,2099-12-31,True,289
13034.0,United Kingdom,2010-01-01,2099-12-31,True,290
15889.0,United Kingdom,2010-01-01,2099-12-31,True,291
15953.0,United Kingdom,2010-01-01,2099-12-31,True,292
16143.0,United Kingdom,2010-01-01,2099-12-31,True,293
12720.0,Germany,2010-01-01,2099-12-31,True,294
16422.0,United Kingdom,2010-01-01,2099-12-31,True,295
12747.0,United Kingdom,2010-01-01,2099-12-31,True,296
15502.0,United Kingdom,2010-01-01,2099-12-31,True,297
12763.0,Japan,2010-01-01,2099-12-31,True,298
14081.0,United Kingdom,2010-01-01,2099-12-31,True,299
17965.0,United Kingdom,2010-01-01,2099-12-31,True,300
14404.0,United Kingdom,2010-01-01,2099-12-31,True,301
13579.0,United Kingdom,2010-01-01,2099-12-31,True,302
13174.0,United Kingdom,2010-01-01,2099-12-31,True,303
15987.0,United Kingdom,2010-01-01,2099-12-31,True,304
17677.0,United Kingdom,2010-01-01,2099-12-31,True,305
13652.0,United Kingdom,2010-01-01,2099-12-31,True,306
17428.0,United Kingdom,2010-01-01,2099-12-31,True,307
16858.0,United Kingdom,2010-01-01,2099-12-31,True,308
16161.0,United Kingdom,2010-01-01,2099-12-31,True,309
18219.0,United Kingdom,2010-01-01,2099-12-31,True,310
14293.0,United Kingdom,2010-01-01,2099-12-31,True,311
14748.0,United Kingdom,2010-01-01,2099-12-31,True,312
16638.0,United Kingdom,2010-01-01,2099-12-31,True,313
17674.0,United Kingdom,2010-01-01,2099-12-31,True,314
12808.0,Portugal,2010-01-01,2099-12-31,True,315
13094.0,United Kingdom,2010-01-01,2099-12-31,True,316
15899.0,United Kingdom,2010-01-01,2099-12-31,True,317
12708.0,Germany,2010-01-01,2099-12-31,True,318
15898.0,United Kingdom,2010-01-01,2099-12-31,True,319
14443.0,United Kingdom,2010-01-01,2099-12-31,True,320
17691.0,United Kingdom,2010-01-01,2099-12-31,True,321
17227.0,United Kingdom,2010-01-01,2099-12-31,True,322
15039.0,United Kingdom,2010-01-01,2099-12-31,True,323
15919.0,United Kingdom,2010-01-01,2099-12-31,True,324
13497.0,United Kingdom,2010-01-01,2099-12-31,True,325
15860.0,United Kingdom,2010-01-01,2099-12-31,True,326
14189.0,United Kingdom,2010-01-01,2099-12-31,True,327
15304.0,United Kingdom,2010-01-01,2099-12-31,True,328
14344.0,United Kingdom,2010-01-01,2099-12-31,True,329
16719.0,United Kingdom,2010-01-01,2099-12-31,True,330
15048.0,United Kingdom,2010-01-01,2099-12-31,True,331
15301.0,United Kingdom,2010-01-01,2099-12-31,True,332
14708.0,United Kingdom,2010-01-01,2099-12-31,True,333
16898.0,United Kingdom,2010-01-01,2099-12-31,True,334
14825.0,United Kingdom,2010-01-01,2099-12-31,True,335
18113.0,United Kingdom,2010-01-01,2099-12-31,True,336
17596.0,United Kingdom,2010-01-01,2099-12-31,True,337
15078.0,United Kingdom,2010-01-01,2099-12-31,True,338
14085.0,United Kingdom,2010-01-01,2099-12-31,True,339
17860.0,United Kingdom,2010-01-01,2099-12-31,True,340
13155.0,United Kingdom,2010-01-01,2099-12-31,True,341
15028.0,United Kingdom,2010-01-01,2099-12-31,True,342
16919.0,United Kingdom,2010-01-01,2099-12-31,True,343
17259.0,United Kingdom,2010-01-01,2099-12-31,True,344
17019.0,United Kingdom,2010-01-01,2099-12-31,True,345
16722.0,United Kingdom,2010-01-01,2099-12-31,True,346
15882.0,United Kingdom,2010-01-01,2099-12-31,True,347
14667.0,United Kingdom,2010-01-01,2099-12-31,True,348
16710.0,United Kingdom,2010-01-01,2099-12-31,True,349
15984.0,United Kingdom,2010-01-01,2099-12-31,True,350
14487.0,United Kingdom,2010-01-01,2099-12-31,True,351
17682.0,United Kingdom,2010-01-01,2099-12-31,True,352
16658.0,United Kingdom,2010-01-01,2099-12-31,True,353
16550.0,United Kingdom,2010-01-01,2099-12-31,True,354
17068.0,United Kingdom,2010-01-01,2099-12-31,True,355
15356.0,United Kingdom,2010-01-01,2099-12-31,True,356
17223.0,United Kingdom,2010-01-01,2099-12-31,True,357
16817.0,United Kingdom,2010-01-01,2099-12-31,True,358
13030.0,United Kingdom,2010-01-01,2099-12-31,True,359
17191.0,United Kingdom,2010-01-01,2099-12-31,True,360
15194.0,United Kingdom,2010-01-01,2099-12-31,True,361
14409.0,United Kingdom,2010-01-01,2099-12-31,True,362
16654.0,United Kingdom,2010-01-01,2099-12-31,True,363
13495.0,United Kingdom,2010-01-01,2099-12-31,True,364
17519.0,United Kingdom,2010-01-01,2099-12-31,True,365
17218.0,United Kingdom,2010-01-01,2099-12-31,True,366
17812.0,United Kingdom,2010-01-01,2099-12-31,True,367
14215.0,United Kingdom,2010-01-01,2099-12-31,True,368
15602.0,United Kingdom,2010-01-01,2099-12-31,True,369
17320.0,United Kingdom,2010-01-01,2099-12-31,True,370
12913.0,United Kingdom,2010-01-01,2099-12-31,True,371
17869.0,United Kingdom,2010-01-01,2099-12-31,True,372
13564.0,United Kingdom,2010-01-01,2099-12-31,True,373
13963.0,United Kingdom,2010-01-01,2099-12-31,True,374
17450.0,United Kingdom,2010-01-01,2099-12-31,True,375
17091.0,United Kingdom,2010-01-01,2099-12-31,True,376
17470.0,United Kingdom,2010-01-01,2099-12-31,True,377
17616.0,United Kingdom,2010-01-01,2099-12-31,True,378
15649.0,United Kingdom,2010-01-01,2099-12-31,True,379
12681.0,France,2010-01-01,2099-12-31,True,380
14907.0,United Kingdom,2010-01-01,2099-12-31,True,381
17735.0,United Kingdom,2010-01-01,2099-12-31,True,382
16059.0,United Kingdom,2010-01-01,2099-12-31,True,383
17720.0,United Kingdom,2010-01-01,2099-12-31,True,384
15018.0,United Kingdom,2010-01-01,2099-12-31,True,385
15838.0,United Kingdom,2010-01-01,2099-12-31,True,386
14733.0,United Kingdom,2010-01-01,2099-12-31,True,387
13756.0,United Kingdom,2010-01-01,2099-12-31,True,388
14176.0,United Kingdom,2010-01-01,2099-12-31,True,389
15353.0,United Kingdom,2010-01-01,2099-12-31,True,390
18119.0,United Kingdom,2010-01-01,2099-12-31,True,391
17491.0,United Kingdom,2010-01-01,2099-12-31,True,392
14282.0,United Kingdom,2010-01-01,2099-12-31,True,393
13569.0,United Kingdom,2010-01-01,2099-12-31,True,394
14673.0,United Kingdom,2010-01-01,2099-12-31,True,395
13488.0,United Kingdom,2010-01-01,2099-12-31,True,396
16221.0,United Kingdom,2010-01-01,2099-12-31,True,397
15002.0,United Kingdom,2010-01-01,2099-12-31,True,398
15965.0,United Kingdom,2010-01-01,2099-12-31,True,399
15024.0,United Kingdom,2010-01-01,2099-12-31,True,400
17675.0,United Kingdom,2010-01-01,2099-12-31,True,401
13769.0,United Kingdom,2010-01-01,2099-12-31,True,402
16904.0,United Kingdom,2010-01-01,2099-12-31,True,403
16086.0,United Kingdom,2010-01-01,2099-12-31,True,404
13786.0,United Kingdom,2010-01-01,2099-12-31,True,405
13880.0,United Kingdom,2010-01-01,2099-12-31,True,406
13173.0,United Kingdom,2010-01-01,2099-12-31,True,407
15858.0,United Kingdom,2010-01-01,2099-12-31,True,408
15180.0,United Kingdom,2010-01-01,2099-12-31,True,409
12347.0,Iceland,2010-01-01,2099-12-31,True,410
14739.0,United Kingdom,2010-01-01,2099-12-31,True,411
16293.0,United Kingdom,2010-01-01,2099-12-31,True,412
17419.0,United Kingdom,2010-01-01,2099-12-31,True,413
16775.0,United Kingdom,2010-01-01,2099-12-31,True,414
16306.0,United Kingdom,2010-01-01,2099-12-31,True,415
16950.0,United Kingdom,2010-01-01,2099-12-31,True,416
17591.0,United Kingdom,2010-01-01,2099-12-31,True,417
12839.0,United Kingdom,2010-01-01,2099-12-31,True,418
13807.0,United Kingdom,2010-01-01,2099-12-31,True,419
16125.0,United Kingdom,2010-01-01,2099-12-31,True,420
15081.0,United Kingdom,2010-01-01,2099-12-31,True,421
18102.0,United Kingdom,2010-01-01,2099-12-31,True,422
16365.0,United Kingdom,2010-01-01,2099-12-31,True,423
17870.0,United Kingdom,2010-01-01,2099-12-31,True,424
14821.0,United Kingdom,2010-01-01,2099-12-31,True,425
16863.0,United Kingdom,2010-01-01,2099-12-31,True,426
13078.0,United Kingdom,2010-01-01,2099-12-31,True,427
13267.0,United Kingdom,2010-01-01,2099-12-31,True,428
13050.0,United Kingdom,2010-01-01,2099-12-31,True,429
12709.0,Germany,2010-01-01,2099-12-31,True,430
15628.0,United Kingdom,2010-01-01,2099-12-31,True,431
12386.0,Australia,2010-01-01,2099-12-31,True,432
16779.0,United Kingdom,2010-01-01,2099-12-31,True,433
13599.0,United Kingdom,2010-01-01,2099-12-31,True,434
13329.0,United Kingdom,2010-01-01,2099-12-31,True,435
18077.0,United Kingdom,2010-01-01,2099-12-31,True,436
14744.0,United Kingdom,2010-01-01,2099-12-31,True,437
17406.0,United Kingdom,2010-01-01,2099-12-31,True,438
15750.0,United Kingdom,2010-01-01,2099-12-31,True,439
13983.0,United Kingdom,2010-01-01,2099-12-31,True,440
13842.0,United Kingdom,2010-01-01,2099-12-31,True,441
14796.0,United Kingdom,2010-01-01,2099-12-31,True,442
12441.0,France,2010-01-01,2099-12-31,True,443
13199.0,United Kingdom,2010-01-01,2099-12-31,True,444
14032.0,United Kingdom,2010-01-01,2099-12-31,True,445
17706.0,United Kingdom,2010-01-01,2099-12-31,True,446
16081.0,United Kingdom,2010-01-01,2099-12-31,True,447
16525.0,United Kingdom,2010-01-01,2099-12-31,True,448
17975.0,United Kingdom,2010-01-01,2099-12-31,True,449
16122.0,United Kingdom,2010-01-01,2099-12-31,True,450
13126.0,United Kingdom,2010-01-01,2099-12-31,True,451
15973.0,United Kingdom,2010-01-01,2099-12-31,True,452
16558.0,United Kingdom,2010-01-01,2099-12-31,True,453
16893.0,United Kingdom,2010-01-01,2099-12-31,True,454
15021.0,United Kingdom,2010-01-01,2099-12-31,True,455
15529.0,United Kingdom,2010-01-01,2099-12-31,True,456
15498.0,United Kingdom,2010-01-01,2099-12-31,True,457
18043.0,United Kingdom,2010-01-01,2099-12-31,True,458
16016.0,United Kingdom,2010-01-01,2099-12-31,True,459
17722.0,United Kingdom,2010-01-01,2099-12-31,True,460
17324.0,United Kingdom,2010-01-01,2099-12-31,True,461
17341.0,United Kingdom,2010-01-01,2099-12-31,True,462
14051.0,United Kingdom,2010-01-01,2099-12-31,True,463
16233.0,United Kingdom,2010-01-01,2099-12-31,True,464
16385.0,United Kingdom,2010-01-01,2099-12-31,True,465
15032.0,United Kingdom,2010-01-01,2099-12-31,True,466
16713.0,United Kingdom,2010-01-01,2099-12-31,True,467
17213.0,United Kingdom,2010-01-01,2099-12-31,True,468
18061.0,United Kingdom,2010-01-01,2099-12-31,True,469
15916.0,United Kingdom,2010-01-01,2099-12-31,True,470
15221.0,United Kingdom,2010-01-01,2099-12-31,True,471
13455.0,United Kingdom,2010-01-01,2099-12-31,True,472
13113.0,United Kingdom,2010-01-01,2099-12-31,True,473
14217.0,United Kingdom,2010-01-01,2099-12-31,True,474
17262.0,United Kingdom,2010-01-01,2099-12-31,True,475
18259.0,United Kingdom,2010-01-01,2099-12-31,True,476
17676.0,United Kingdom,2010-01-01,2099-12-31,True,477
16679.0,United Kingdom,2010-01-01,2099-12-31,True,478
18269.0,United Kingdom,2010-01-01,2099-12-31,True,479
12766.0,Portugal,2010-01-01,2099-12-31,True,480
15298.0,United Kingdom,2010-01-01,2099-12-31,True,481
13523.0,United Kingdom,2010-01-01,2099-12-31,True,482
15005.0,United Kingdom,2010-01-01,2099-12-31,True,483
15581.0,United Kingdom,2010-01-01,2099-12-31,True,484
15680.0,United Kingdom,2010-01-01,2099-12-31,True,485
13649.0,United Kingdom,2010-01-01,2099-12-31,True,486
17894.0,United Kingdom,2010-01-01,2099-12-31,True,487
13270.0,United Kingdom,2010-01-01,2099-12-31,True,488
14866.0,United Kingdom,2010-01-01,2099-12-31,True,489
13077.0,United Kingdom,2010-01-01,2099-12-31,True,490
13531.0,United Kingdom,2010-01-01,2099-12-31,True,491
13848.0,United Kingdom,2010-01-01,2099-12-31,True,492
13140.0,United Kingdom,2010-01-01,2099-12-31,True,493
15713.0,United Kingdom,2010-01-01,2099-12-31,True,494
17999.0,United Kingdom,2010-01-01,2099-12-31,True,495
15347.0,United Kingdom,2010-01-01,2099-12-31,True,496
14766.0,United Kingdom,2010-01-01,2099-12-31,True,497
17340.0,United Kingdom,2010-01-01,2099-12-31,True,498
13984.0,United Kingdom,2010-01-01,2099-12-31,True,499
15996.0,United Kingdom,2010-01-01,2099-12-31,True,500
14030.0,United Kingdom,2010-01-01,2099-12-31,True,501
16596.0,United Kingdom,2010-01-01,2099-12-31,True,502
16700.0,United Kingdom,2010-01-01,2099-12-31,True,503
16011.0,United Kingdom,2010-01-01,2099-12-31,True,504
17655.0,United Kingdom,2010-01-01,2099-12-31,True,505
16717.0,United Kingdom,2010-01-01,2099-12-31,True,506
14243.0,United Kingdom,2010-01-01,2099-12-31,True,507
12963.0,United Kingdom,2010-01-01,2099-12-31,True,508
15079.0,United Kingdom,2010-01-01,2099-12-31,True,509
14437.0,United Kingdom,2010-01-01,2099-12-31,True,510
12942.0,United Kingdom,2010-01-01,2099-12-31,True,511
15660.0,United Kingdom,2010-01-01,2099-12-31,True,512
18092.0,United Kingdom,2010-01-01,2099-12-31,True,513
15358.0,United Kingdom,2010-01-01,2099-12-31,True,514
13319.0,United Kingdom,2010-01-01,2099-12-31,True,515
12481.0,Germany,2010-01-01,2099-12-31,True,516
12621.0,Germany,2010-01-01,2099-12-31,True,517
14299.0,United Kingdom,2010-01-01,2099-12-31,True,518
18071.0,United Kingdom,2010-01-01,2099-12-31,True,519
12683.0,France,2010-01-01,2099-12-31,True,520
12755.0,Japan,2010-01-01,2099-12-31,True,521
13854.0,United Kingdom,2010-01-01,2099-12-31,True,522
12797.0,Portugal,2010-01-01,2099-12-31,True,523
16782.0,United Kingdom,2010-01-01,2099-12-31,True,524
13369.0,United Kingdom,2010-01-01,2099-12-31,True,525
12494.0,France,2010-01-01,2099-12-31,True,526
17857.0,United Kingdom,2010-01-01,2099-12-31,True,527
14932.0,Channel Islands,2010-01-01,2099-12-31,True,528
12429.0,Denmark,2010-01-01,2099-12-31,True,529
14987.0,United Kingdom,2010-01-01,2099-12-31,True,530
14355.0,United Kingdom,2010-01-01,2099-12-31,True,531
17526.0,United Kingdom,2010-01-01,2099-12-31,True,532
14896.0,United Kingdom,2010-01-01,2099-12-31,True,533
14440.0,United Kingdom,2010-01-01,2099-12-31,True,534
13240.0,United Kingdom,2010-01-01,2099-12-31,True,535
14479.0,United Kingdom,2010-01-01,2099-12-31,True,536
16065.0,United Kingdom,2010-01-01,2099-12-31,True,537
17430.0,United Kingdom,2010-01-01,2099-12-31,True,538
16520.0,United Kingdom,2010-01-01,2099-12-31,True,539
15945.0,United Kingdom,2010-01-01,2099-12-31,True,540
15856.0,United Kingdom,2010-01-01,2099-12-31,True,541
13102.0,United Kingdom,2010-01-01,2099-12-31,True,542
15271.0,United Kingdom,2010-01-01,2099-12-31,True,543
13982.0,United Kingdom,2010-01-01,2099-12-31,True,544
15288.0,United Kingdom,2010-01-01,2099-12-31,True,545
17978.0,United Kingdom,2010-01-01,2099-12-31,True,546
16795.0,United Kingdom,2010-01-01,2099-12-31,True,547
16519.0,United Kingdom,2010-01-01,2099-12-31,True,548
17816.0,United Kingdom,2010-01-01,2099-12-31,True,549
16255.0,United Kingdom,2010-01-01,2099-12-31,True,550
17671.0,United Kingdom,2010-01-01,2099-12-31,True,551
17646.0,United Kingdom,2010-01-01,2099-12-31,True,552
12872.0,United Kingdom,2010-01-01,2099-12-31,True,553
17339.0,United Kingdom,2010-01-01,2099-12-31,True,554
17097.0,Spain,2010-01-01,2099-12-31,True,555
15192.0,United Kingdom,2010-01-01,2099-12-31,True,556
15380.0,United Kingdom,2010-01-01,2099-12-31,True,557
17950.0,United Kingdom,2010-01-01,2099-12-31,True,558
12826.0,United Kingdom,2010-01-01,2099-12-31,True,559
17456.0,United Kingdom,2010-01-01,2099-12-31,True,560
15811.0,United Kingdom,2010-01-01,2099-12-31,True,561
13327.0,United Kingdom,2010-01-01,2099-12-31,True,562
18225.0,United Kingdom,2010-01-01,2099-12-31,True,563
15211.0,United Kingdom,2010-01-01,2099-12-31,True,564
15596.0,United Kingdom,2010-01-01,2099-12-31,True,565
16163.0,United Kingdom,2010-01-01,2099-12-31,True,566
16907.0,United Kingdom,2010-01-01,2099-12-31,True,567
17576.0,United Kingdom,2010-01-01,2099-12-31,True,568
14713.0,United Kingdom,2010-01-01,2099-12-31,True,569
14702.0,United Kingdom,2010-01-01,2099-12-31,True,570
13230.0,United Kingdom,2010-01-01,2099-12-31,True,571
13969.0,United Kingdom,2010-01-01,2099-12-31,True,572
17530.0,United Kingdom,2010-01-01,2099-12-31,True,573
15805.0,United Kingdom,2010-01-01,2099-12-31,True,574
12471.0,Germany,2010-01-01,2099-12-31,True,575
17696.0,United Kingdom,2010-01-01,2099-12-31,True,576
17076.0,United Kingdom,2010-01-01,2099-12-31,True,577
17827.0,United Kingdom,2010-01-01,2099-12-31,True,578
16265.0,United Kingdom,2010-01-01,2099-12-31,True,579
17880.0,United Kingdom,2010-01-01,2099-12-31,True,580
13000.0,United Kingdom,2010-01-01,2099-12-31,True,581
16499.0,United Kingdom,2010-01-01,2099-12-31,True,582
17790.0,United Kingdom,2010-01-01,2099-12-31,True,583
12731.0,France,2010-01-01,2099-12-31,True,584
14419.0,United Kingdom,2010-01-01,2099-12-31,True,585
14082.0,United Kingdom,2010-01-01,2099-12-31,True,586
17912.0,United Kingdom,2010-01-01,2099-12-31,True,587
15723.0,United Kingdom,2010-01-01,2099-12-31,True,588
16656.0,United Kingdom,2010-01-01,2099-12-31,True,589
14037.0,United Kingdom,2010-01-01,2099-12-31,True,590
14256.0,United Kingdom,2010-01-01,2099-12-31,True,591
14543.0,United Kingdom,2010-01-01,2099-12-31,True,592
16062.0,United Kingdom,2010-01-01,2099-12-31,True,593
18116.0,United Kingdom,2010-01-01,2099-12-31,True,594
16019.0,United Kingdom,2010-01-01,2099-12-31,True,595
18178.0,United Kingdom,2010-01-01,2099-12-31,True,596
18065.0,United Kingdom,2010-01-01,2099-12-31,True,597
14952.0,United Kingdom,2010-01-01,2099-12-31,True,598
13148.0,United Kingdom,2010-01-01,2099-12-31,True,599
12989.0,United Kingdom,2010-01-01,2099-12-31,True,600
14107.0,United Kingdom,2010-01-01,2099-12-31,True,601
15881.0,United Kingdom,2010-01-01,2099-12-31,True,602
12785.0,Portugal,2010-01-01,2099-12-31,True,603
16727.0,United Kingdom,2010-01-01,2099-12-31,True,604
15514.0,United Kingdom,2010-01-01,2099-12-31,True,605
13787.0,United Kingdom,2010-01-01,2099-12-31,True,606
17865.0,United Kingdom,2010-01-01,2099-12-31,True,607
17220.0,United Kingdom,2010-01-01,2099-12-31,True,608
16565.0,United Kingdom,2010-01-01,2099-12-31,True,609
16873.0,United Kingdom,2010-01-01,2099-12-31,True,610
14062.0,United Kingdom,2010-01-01,2099-12-31,True,611
18016.0,United Kingdom,2010-01-01,2099-12-31,True,612
14448.0,United Kingdom,2010-01-01,2099-12-31,True,613
15503.0,United Kingdom,2010-01-01,2099-12-31,True,614
17251.0,United Kingdom,2010-01-01,2099-12-31,True,615
16923.0,United Kingdom,2010-01-01,2099-12-31,True,616
14159.0,United Kingdom,2010-01-01,2099-12-31,True,617
14577.0,United Kingdom,2010-01-01,2099-12-31,True,618
17126.0,United Kingdom,2010-01-01,2099-12-31,True,619
12753.0,Japan,2010-01-01,2099-12-31,True,620
17236.0,United Kingdom,2010-01-01,2099-12-31,True,621
17372.0,United Kingdom,2010-01-01,2099-12-31,True,622
16367.0,United Kingdom,2010-01-01,2099-12-31,True,623
12875.0,United Kingdom,2010-01-01,2099-12-31,True,624
17917.0,United Kingdom,2010-01-01,2099-12-31,True,625
16010.0,United Kingdom,2010-01-01,2099-12-31,True,626
17085.0,United Kingdom,2010-01-01,2099-12-31,True,627
15224.0,United Kingdom,2010-01-01,2099-12-31,True,628
13668.0,United Kingdom,2010-01-01,2099-12-31,True,629
14684.0,United Kingdom,2010-01-01,2099-12-31,True,630
17188.0,United Kingdom,2010-01-01,2099-12-31,True,631
15547.0,United Kingdom,2010-01-01,2099-12-31,True,632
15998.0,United Kingdom,2010-01-01,2099-12-31,True,633
14413.0,United Kingdom,2010-01-01,2099-12-31,True,634
18004.0,United Kingdom,2010-01-01,2099-12-31,True,635
13959.0,United Kingdom,2010-01-01,2099-12-31,True,636
16665.0,United Kingdom,2010-01-01,2099-12-31,True,637
15454.0,United Kingdom,2010-01-01,2099-12-31,True,638
15044.0,United Kingdom,2010-01-01,2099-12-31,True,639
17937.0,United Kingdom,2010-01-01,2099-12-31,True,640
14608.0,United Kingdom,2010-01-01,2099-12-31,True,641
17618.0,United Kingdom,2010-01-01,2099-12-31,True,642
14505.0,United Kingdom,2010-01-01,2099-12-31,True,643
18037.0,United Kingdom,2010-01-01,2099-12-31,True,644
13198.0,United Kingdom,2010-01-01,2099-12-31,True,645
12540.0,Spain,2010-01-01,2099-12-31,True,646
13225.0,United Kingdom,2010-01-01,2099-12-31,True,647
15361.0,United Kingdom,2010-01-01,2099-12-31,True,648
15689.0,United Kingdom,2010-01-01,2099-12-31,True,649
14290.0,United Kingdom,2010-01-01,2099-12-31,True,650
13209.0,United Kingdom,2010-01-01,2099-12-31,True,651
13999.0,United Kingdom,2010-01-01,2099-12-31,True,652
14498.0,United Kingdom,2010-01-01,2099-12-31,True,653
15854.0,United Kingdom,2010-01-01,2099-12-31,True,654
16701.0,United Kingdom,2010-01-01,2099-12-31,True,655
16927.0,United Kingdom,2010-01-01,2099-12-31,True,656
17990.0,United Kingdom,2010-01-01,2099-12-31,True,657
14544.0,United Kingdom,2010-01-01,2099-12-31,True,658
17338.0,United Kingdom,2010-01-01,2099-12-31,True,659
17799.0,United Kingdom,2010-01-01,2099-12-31,True,660
14565.0,United Kingdom,2010-01-01,2099-12-31,True,661
16726.0,United Kingdom,2010-01-01,2099-12-31,True,662
17303.0,United Kingdom,2010-01-01,2099-12-31,True,663
14639.0,United Kingdom,2010-01-01,2099-12-31,True,664
17611.0,United Kingdom,2010-01-01,2099-12-31,True,665
17231.0,United Kingdom,2010-01-01,2099-12-31,True,666
17179.0,United Kingdom,2010-01-01,2099-12-31,True,667
17524.0,United Kingdom,2010-01-01,2099-12-31,True,668
12476.0,Germany,2010-01-01,2099-12-31,True,669
17293.0,United Kingdom,2010-01-01,2099-12-31,True,670
17890.0,United Kingdom,2010-01-01,2099-12-31,True,671
17375.0,United Kingdom,2010-01-01,2099-12-31,True,672
17371.0,United Kingdom,2010-01-01,2099-12-31,True,673
17969.0,United Kingdom,2010-01-01,2099-12-31,True,674
14625.0,United Kingdom,2010-01-01,2099-12-31,True,675
15159.0,United Kingdom,2010-01-01,2099-12-31,True,676
13211.0,United Kingdom,2010-01-01,2099-12-31,True,677
15777.0,United Kingdom,2010-01-01,2099-12-31,True,678
14525.0,United Kingdom,2010-01-01,2099-12-31,True,679
13324.0,United Kingdom,2010-01-01,2099-12-31,True,680
13948.0,United Kingdom,2010-01-01,2099-12-31,True,681
16202.0,United Kingdom,2010-01-01,2099-12-31,True,682
16442.0,United Kingdom,2010-01-01,2099-12-31,True,683
18075.0,United Kingdom,2010-01-01,2099-12-31,True,684
14524.0,United Kingdom,2010-01-01,2099-12-31,True,685
14961.0,United Kingdom,2010-01-01,2099-12-31,True,686
17041.0,United Kingdom,2010-01-01,2099-12-31,True,687
16458.0,United Kingdom,2010-01-01,2099-12-31,True,688
16083.0,United Kingdom,2010-01-01,2099-12-31,True,689
17194.0,United Kingdom,2010-01-01,2099-12-31,True,690
14057.0,United Kingdom,2010-01-01,2099-12-31,True,691
14871.0,United Kingdom,2010-01-01,2099-12-31,True,692
13178.0,United Kingdom,2010-01-01,2099-12-31,True,693
18044.0,United Kingdom,2010-01-01,2099-12-31,True,694
16812.0,United Kingdom,2010-01-01,2099-12-31,True,695
16191.0,United Kingdom,2010-01-01,2099-12-31,True,696
12370.0,Cyprus,2010-01-01,2099-12-31,True,697
14298.0,United Kingdom,2010-01-01,2099-12-31,True,698
17158.0,United Kingdom,2010-01-01,2099-12-31,True,699
16899.0,United Kingdom,2010-01-01,2099-12-31,True,700
16531.0,United Kingdom,2010-01-01,2099-12-31,True,701
17404.0,Sweden,2010-01-01,2099-12-31,True,702
14415.0,United Kingdom,2010-01-01,2099-12-31,True,703
16556.0,United Kingdom,2010-01-01,2099-12-31,True,704
16805.0,United Kingdom,2010-01-01,2099-12-31,True,705
16503.0,United Kingdom,2010-01-01,2099-12-31,True,706
16553.0,United Kingdom,2010-01-01,2099-12-31,True,707
17739.0,United Kingdom,2010-01-01,2099-12-31,True,708
13238.0,United Kingdom,2010-01-01,2099-12-31,True,709
12829.0,United Kingdom,2010-01-01,2099-12-31,True,710
13097.0,United Kingdom,2010-01-01,2099-12-31,True,711
15392.0,United Kingdom,2010-01-01,2099-12-31,True,712
13846.0,United Kingdom,2010-01-01,2099-12-31,True,713
12867.0,United Kingdom,2010-01-01,2099-12-31,True,714
14401.0,United Kingdom,2010-01-01,2099-12-31,True,715
16145.0,United Kingdom,2010-01-01,2099-12-31,True,716
17629.0,United Kingdom,2010-01-01,2099-12-31,True,717
14150.0,United Kingdom,2010-01-01,2099-12-31,True,718
13496.0,United Kingdom,2010-01-01,2099-12-31,True,719
13611.0,United Kingdom,2010-01-01,2099-12-31,True,720
16954.0,United Kingdom,2010-01-01,2099-12-31,True,721
17454.0,United Kingdom,2010-01-01,2099-12-31,True,722
17449.0,United Kingdom,2010-01-01,2099-12-31,True,723
13295.0,United Kingdom,2010-01-01,2099-12-31,True,724
17230.0,United Kingdom,2010-01-01,2099-12-31,True,725
15384.0,United Kingdom,2010-01-01,2099-12-31,True,726
15950.0,United Kingdom,2010-01-01,2099-12-31,True,727
15512.0,United Kingdom,2010-01-01,2099-12-31,True,728
17525.0,United Kingdom,2010-01-01,2099-12-31,True,729
13458.0,United Kingdom,2010-01-01,2099-12-31,True,730
16003.0,United Kingdom,2010-01-01,2099-12-31,True,731
13092.0,United Kingdom,2010-01-01,2099-12-31,True,732
13426.0,United Kingdom,2010-01-01,2099-12-31,True,733
15101.0,United Kingdom,2010-01-01,2099-12-31,True,734
17033.0,United Kingdom,2010-01-01,2099-12-31,True,735
13221.0,United Kingdom,2010-01-01,2099-12-31,True,736
14201.0,United Kingdom,2010-01-01,2099-12-31,True,737
17692.0,United Kingdom,2010-01-01,2099-12-31,True,738
15822.0,United Kingdom,2010-01-01,2099-12-31,True,739
16134.0,United Kingdom,2010-01-01,2099-12-31,True,740
17551.0,United Kingdom,2010-01-01,2099-12-31,True,741
18050.0,United Kingdom,2010-01-01,2099-12-31,True,742
14913.0,United Kingdom,2010-01-01,2099-12-31,True,743
15641.0,United Kingdom,2010-01-01,2099-12-31,True,744
13124.0,United Kingdom,2010-01-01,2099-12-31,True,745
17214.0,United Kingdom,2010-01-01,2099-12-31,True,746
15456.0,United Kingdom,2010-01-01,2099-12-31,True,747
15062.0,United Kingdom,2010-01-01,2099-12-31,True,748
12928.0,United Kingdom,2010-01-01,2099-12-31,True,749
15727.0,United Kingdom,2010-01-01,2099-12-31,True,750
17980.0,United Kingdom,2010-01-01,2099-12-31,True,751
15290.0,United Kingdom,2010-01-01,2099-12-31,True,752
17752.0,United Kingdom,2010-01-01,2099-12-31,True,753
15615.0,United Kingdom,2010-01-01,2099-12-31,True,754
12577.0,France,2010-01-01,2099-12-31,True,755
17189.0,United Kingdom,2010-01-01,2099-12-31,True,756
17496.0,United Kingdom,2010-01-01,2099-12-31,True,757
16607.0,United Kingdom,2010-01-01,2099-12-31,True,758
13317.0,United Kingdom,2010-01-01,2099-12-31,True,759
13890.0,United Kingdom,2010-01-01,2099-12-31,True,760
17001.0,United Kingdom,2010-01-01,2099-12-31,True,761
15246.0,United Kingdom,2010-01-01,2099-12-31,True,762
15482.0,United Kingdom,2010-01-01,2099-12-31,True,763
13021.0,United Kingdom,2010-01-01,2099-12-31,True,764
16037.0,United Kingdom,2010-01-01,2099-12-31,True,765
14841.0,United Kingdom,2010-01-01,2099-12-31,True,766
16670.0,United Kingdom,2010-01-01,2099-12-31,True,767
16985.0,United Kingdom,2010-01-01,2099-12-31,True,768
16705.0,United Kingdom,2010-01-01,2099-12-31,True,769
14414.0,United Kingdom,2010-01-01,2099-12-31,True,770
15563.0,United Kingdom,2010-01-01,2099-12-31,True,771
12980.0,United Kingdom,2010-01-01,2099-12-31,True,772
16746.0,United Kingdom,2010-01-01,2099-12-31,True,773
16470.0,United Kingdom,2010-01-01,2099-12-31,True,774
14878.0,United Kingdom,2010-01-01,2099-12-31,True,775
16743.0,United Kingdom,2010-01-01,2099-12-31,True,776
17146.0,United Kingdom,2010-01-01,2099-12-31,True,777
12877.0,United Kingdom,2010-01-01,2099-12-31,True,778
15394.0,United Kingdom,2010-01-01,2099-12-31,True,779
14621.0,United Kingdom,2010-01-01,2099-12-31,True,780
15379.0,United Kingdom,2010-01-01,2099-12-31,True,781
14309.0,United Kingdom,2010-01-01,2099-12-31,True,782
17288.0,United Kingdom,2010-01-01,2099-12-31,True,783
14709.0,United Kingdom,2010-01-01,2099-12-31,True,784
15157.0,United Kingdom,2010-01-01,2099-12-31,True,785
17744.0,United Kingdom,2010-01-01,2099-12-31,True,786
16316.0,United Kingdom,2010-01-01,2099-12-31,True,787
15620.0,United Kingdom,2010-01-01,2099-12-31,True,788
15789.0,United Kingdom,2010-01-01,2099-12-31,True,789
16560.0,United Kingdom,2010-01-01,2099-12-31,True,790
13534.0,United Kingdom,2010-01-01,2099-12-31,True,791
17580.0,United Kingdom,2010-01-01,2099-12-31,True,792
15759.0,United Kingdom,2010-01-01,2099-12-31,True,793
14373.0,United Kingdom,2010-01-01,2099-12-31,True,794
18176.0,United Kingdom,2010-01-01,2099-12-31,True,795
14092.0,United Kingdom,2010-01-01,2099-12-31,True,796
15366.0,United Kingdom,2010-01-01,2099-12-31,True,797
14735.0,United Kingdom,2010-01-01,2099-12-31,True,798
16271.0,United Kingdom,2010-01-01,2099-12-31,True,799
18223.0,United Kingdom,2010-01-01,2099-12-31,True,800
15532.0,United Kingdom,2010-01-01,2099-12-31,True,801
16816.0,United Kingdom,2010-01-01,2099-12-31,True,802
16684.0,United Kingdom,2010-01-01,2099-12-31,True,803
14334.0,United Kingdom,2010-01-01,2099-12-31,True,804
16945.0,United Kingdom,2010-01-01,2099-12-31,True,805
14643.0,United Kingdom,2010-01-01,2099-12-31,True,806
15197.0,United Kingdom,2010-01-01,2099-12-31,True,807
14220.0,United Kingdom,2010-01-01,2099-12-31,True,808
13874.0,United Kingdom,2010-01-01,2099-12-31,True,809
18260.0,United Kingdom,2010-01-01,2099-12-31,True,810
17848.0,United Kingdom,2010-01-01,2099-12-31,True,811
17392.0,United Kingdom,2010-01-01,2099-12-31,True,812
12348.0,Finland,2010-01-01,2099-12-31,True,813
14985.0,United Kingdom,2010-01-01,2099-12-31,True,814
13004.0,United Kingdom,2010-01-01,2099-12-31,True,815
14560.0,United Kingdom,2010-01-01,2099-12-31,True,816
12370.0,Austria,2010-01-01,2099-12-31,True,817
12931.0,United Kingdom,2010-01-01,2099-12-31,True,818
13627.0,United Kingdom,2010-01-01,2099-12-31,True,819
12551.0,Spain,2010-01-01,2099-12-31,True,820
12782.0,Portugal,2010-01-01,2099-12-31,True,821
14769.0,United Kingdom,2010-01-01,2099-12-31,True,822
15780.0,United Kingdom,2010-01-01,2099-12-31,True,823
12417.0,Belgium,2010-01-01,2099-12-31,True,824
17315.0,United Kingdom,2010-01-01,2099-12-31,True,825
16711.0,United Kingdom,2010-01-01,2099-12-31,True,826
12726.0,France,2010-01-01,2099-12-31,True,827
15204.0,United Kingdom,2010-01-01,2099-12-31,True,828
17888.0,United Kingdom,2010-01-01,2099-12-31,True,829
17007.0,United Kingdom,2010-01-01,2099-12-31,True,830
15160.0,United Kingdom,2010-01-01,2099-12-31,True,831
14016.0,EIRE,2010-01-01,2099-12-31,True,832
13033.0,United Kingdom,2010-01-01,2099-12-31,True,833
12691.0,France,2010-01-01,2099-12-31,True,834
13869.0,United Kingdom,2010-01-01,2099-12-31,True,835
14146.0,United Kingdom,2010-01-01,2099-12-31,True,836
12705.0,Germany,2010-01-01,2099-12-31,True,837
16885.0,United Kingdom,2010-01-01,2099-12-31,True,838
17913.0,United Kingdom,2010-01-01,2099-12-31,True,839
12668.0,Germany,2010-01-01,2099-12-31,True,840
14472.0,United Kingdom,2010-01-01,2099-12-31,True,841
17358.0,United Kingdom,2010-01-01,2099-12-31,True,842
16686.0,United Kingdom,2010-01-01,2099-12-31,True,843
18245.0,United Kingdom,2010-01-01,2099-12-31,True,844
17343.0,United Kingdom,2010-01-01,2099-12-31,True,845
16153.0,United Kingdom,2010-01-01,2099-12-31,True,846
12377.0,Switzerland,2010-01-01,2099-12-31,True,847
14646.0,Netherlands,2010-01-01,2099-12-31,True,848
12944.0,United Kingdom,2010-01-01,2099-12-31,True,849
15279.0,United Kingdom,2010-01-01,2099-12-31,True,850
14099.0,United Kingdom,2010-01-01,2099-12-31,True,851
12721.0,France,2010-01-01,2099-12-31,True,852
13104.0,United Kingdom,2010-01-01,2099-12-31,True,853
14113.0,United Kingdom,2010-01-01,2099-12-31,True,854
13027.0,United Kingdom,2010-01-01,2099-12-31,True,855
15312.0,United Kingdom,2010-01-01,2099-12-31,True,856
17621.0,United Kingdom,2010-01-01,2099-12-31,True,857
17090.0,United Kingdom,2010-01-01,2099-12-31,True,858
15527.0,United Kingdom,2010-01-01,2099-12-31,True,859
18097.0,United Kingdom,2010-01-01,2099-12-31,True,860
15460.0,United Kingdom,2010-01-01,2099-12-31,True,861
15034.0,United Kingdom,2010-01-01,2099-12-31,True,862
12423.0,Belgium,2010-01-01,2099-12-31,True,863
12678.0,France,2010-01-01,2099-12-31,True,864
15208.0,United Kingdom,2010-01-01,2099-12-31,True,865
16996.0,United Kingdom,2010-01-01,2099-12-31,True,866
17306.0,United Kingdom,2010-01-01,2099-12-31,True,867
14737.0,United Kingdom,2010-01-01,2099-12-31,True,868
13029.0,United Kingdom,2010-01-01,2099-12-31,True,869
16270.0,United Kingdom,2010-01-01,2099-12-31,True,870
13487.0,United Kingdom,2010-01-01,2099-12-31,True,871
12515.0,Italy,2010-01-01,2099-12-31,True,872
17400.0,United Kingdom,2010-01-01,2099-12-31,True,873
17593.0,United Kingdom,2010-01-01,2099-12-31,True,874
13953.0,United Kingdom,2010-01-01,2099-12-31,True,875
14533.0,United Kingdom,2010-01-01,2099-12-31,True,876
12734.0,France,2010-01-01,2099-12-31,True,877
14532.0,United Kingdom,2010-01-01,2099-12-31,True,878
12383.0,Belgium,2010-01-01,2099-12-31,True,879
15562.0,United Kingdom,2010-01-01,2099-12-31,True,880
15587.0,United Kingdom,2010-01-01,2099-12-31,True,881
13922.0,United Kingdom,2010-01-01,2099-12-31,True,882
13817.0,Germany,2010-01-01,2099-12-31,True,883
12585.0,Germany,2010-01-01,2099-12-31,True,884
13165.0,United Kingdom,2010-01-01,2099-12-31,True,885
13304.0,United Kingdom,2010-01-01,2099-12-31,True,886
13313.0,United Kingdom,2010-01-01,2099-12-31,True,887
16875.0,United Kingdom,2010-01-01,2099-12-31,True,888
16282.0,United Kingdom,2010-01-01,2099-12-31,True,889
12957.0,United Kingdom,2010-01-01,2099-12-31,True,890
14462.0,United Kingdom,2010-01-01,2099-12-31,True,891
13397.0,United Kingdom,2010-01-01,2099-12-31,True,892
13680.0,United Kingdom,2010-01-01,2099-12-31,True,893
12483.0,Sweden,2010-01-01,2099-12-31,True,894
15164.0,United Kingdom,2010-01-01,2099-12-31,True,895
17457.0,United Kingdom,2010-01-01,2099-12-31,True,896
14732.0,United Kingdom,2010-01-01,2099-12-31,True,897
14221.0,United Kingdom,2010-01-01,2099-12-31,True,898
14553.0,United Kingdom,2010-01-01,2099-12-31,True,899
13253.0,United Kingdom,2010-01-01,2099-12-31,True,900
15841.0,United Kingdom,2010-01-01,2099-12-31,True,901
16112.0,United Kingdom,2010-01-01,2099-12-31,True,902
13629.0,United Kingdom,2010-01-01,2099-12-31,True,903
16600.0,United Kingdom,2010-01-01,2099-12-31,True,904
15661.0,United Kingdom,2010-01-01,2099-12-31,True,905
16532.0,United Kingdom,2010-01-01,2099-12-31,True,906
15266.0,United Kingdom,2010-01-01,2099-12-31,True,907
14653.0,United Kingdom,2010-01-01,2099-12-31,True,908
16771.0,United Kingdom,2010-01-01,2099-12-31,True,909
17585.0,United Kingdom,2010-01-01,2099-12-31,True,910
15046.0,United Kingdom,2010-01-01,2099-12-31,True,911
13082.0,United Kingdom,2010-01-01,2099-12-31,True,912
15464.0,United Kingdom,2010-01-01,2099-12-31,True,913
18226.0,United Kingdom,2010-01-01,2099-12-31,True,914
18062.0,United Kingdom,2010-01-01,2099-12-31,True,915
12415.0,Australia,2010-01-01,2099-12-31,True,916
17368.0,United Kingdom,2010-01-01,2099-12-31,True,917
14618.0,United Kingdom,2010-01-01,2099-12-31,True,918
14258.0,United Kingdom,2010-01-01,2099-12-31,True,919
15719.0,United Kingdom,2010-01-01,2099-12-31,True,920
13368.0,United Kingdom,2010-01-01,2099-12-31,True,921
17634.0,United Kingdom,2010-01-01,2099-12-31,True,922
16676.0,United Kingdom,2010-01-01,2099-12-31,True,923
18283.0,United Kingdom,2010-01-01,2099-12-31,True,924
12735.0,France,2010-01-01,2099-12-31,True,925
13764.0,United Kingdom,2010-01-01,2099-12-31,True,926
13656.0,United Kingdom,2010-01-01,2099-12-31,True,927
12413.0,France,2010-01-01,2099-12-31,True,928
14312.0,United Kingdom,2010-01-01,2099-12-31,True,929
13280.0,United Kingdom,2010-01-01,2099-12-31,True,930
15845.0,United Kingdom,2010-01-01,2099-12-31,True,931
13187.0,United Kingdom,2010-01-01,2099-12-31,True,932
16567.0,United Kingdom,2010-01-01,2099-12-31,True,933
14828.0,United Kingdom,2010-01-01,2099-12-31,True,934
12530.0,Germany,2010-01-01,2099-12-31,True,935
16551.0,United Kingdom,2010-01-01,2099-12-31,True,936
16889.0,United Kingdom,2010-01-01,2099-12-31,True,937
16473.0,United Kingdom,2010-01-01,2099-12-31,True,938
13750.0,United Kingdom,2010-01-01,2099-12-31,True,939
12501.0,Germany,2010-01-01,2099-12-31,True,940
15607.0,United Kingdom,2010-01-01,2099-12-31,True,941
15139.0,United Kingdom,2010-01-01,2099-12-31,True,942
12489.0,France,2010-01-01,2099-12-31,True,943
17707.0,United Kingdom,2010-01-01,2099-12-31,True,944
18198.0,United Kingdom,2010-01-01,2099-12-31,True,945
12484.0,Spain,2010-01-01,2099-12-31,True,946
18179.0,United Kingdom,2010-01-01,2099-12-31,True,947
17284.0,United Kingdom,2010-01-01,2099-12-31,True,948
13233.0,United Kingdom,2010-01-01,2099-12-31,True,949
14889.0,United Kingdom,2010-01-01,2099-12-31,True,950
12480.0,Germany,2010-01-01,2099-12-31,True,951
14672.0,United Kingdom,2010-01-01,2099-12-31,True,952
13593.0,United Kingdom,2010-01-01,2099-12-31,True,953
14867.0,United Kingdom,2010-01-01,2099-12-31,True,954
13162.0,United Kingdom,2010-01-01,2099-12-31,True,955
13183.0,United Kingdom,2010-01-01,2099-12-31,True,956
17095.0,United Kingdom,2010-01-01,2099-12-31,True,957
12939.0,United Kingdom,2010-01-01,2099-12-31,True,958
15611.0,United Kingdom,2010-01-01,2099-12-31,True,959
17114.0,United Kingdom,2010-01-01,2099-12-31,True,960
15059.0,United Kingdom,2010-01-01,2099-12-31,True,961
16326.0,United Kingdom,2010-01-01,2099-12-31,True,962
17128.0,United Kingdom,2010-01-01,2099-12-31,True,963
14761.0,United Kingdom,2010-01-01,2099-12-31,True,964
17555.0,United Kingdom,2010-01-01,2099-12-31,True,965
12651.0,France,2010-01-01,2099-12-31,True,966
16735.0,United Kingdom,2010-01-01,2099-12-31,True,967
16833.0,United Kingdom,2010-01-01,2099-12-31,True,968
17800.0,United Kingdom,2010-01-01,2099-12-31,True,969
16748.0,United Kingdom,2010-01-01,2099-12-31,True,970
14755.0,United Kingdom,2010-01-01,2099-12-31,True,971
16549.0,United Kingdom,2010-01-01,2099-12-31,True,972
13565.0,United Kingdom,2010-01-01,2099-12-31,True,973
15799.0,United Kingdom,2010-01-01,2099-12-31,True,974
18032.0,United Kingdom,2010-01-01,2099-12-31,True,975
13451.0,United Kingdom,2010-01-01,2099-12-31,True,976
14794.0,United Kingdom,2010-01-01,2099-12-31,True,977
12539.0,Spain,2010-01-01,2099-12-31,True,978
16350.0,United Kingdom,2010-01-01,2099-12-31,True,979
12500.0,Germany,2010-01-01,2099-12-31,True,980
18171.0,United Kingdom,2010-01-01,2099-12-31,True,981
12524.0,Germany,2010-01-01,2099-12-31,True,982
17811.0,United Kingdom,2010-01-01,2099-12-31,True,983
16850.0,United Kingdom,2010-01-01,2099-12-31,True,984
14321.0,United Kingdom,2010-01-01,2099-12-31,True,985
15326.0,United Kingdom,2010-01-01,2099-12-31,True,986
17849.0,United Kingdom,2010-01-01,2099-12-31,True,987
14229.0,United Kingdom,2010-01-01,2099-12-31,True,988
13107.0,United Kingdom,2010-01-01,2099-12-31,True,989
16497.0,United Kingdom,2010-01-01,2099-12-31,True,990
16303.0,United Kingdom,2010-01-01,2099-12-31,True,991
15281.0,United Kingdom,2010-01-01,2099-12-31,True,992
12736.0,France,2010-01-01,2099-12-31,True,993
13473.0,United Kingdom,2010-01-01,2099-12-31,True,994
14320.0,United Kingdom,2010-01-01,2099-12-31,True,995
12393.0,Australia,2010-01-01,2099-12-31,True,996
17742.0,United Kingdom,2010-01-01,2099-12-31,True,997
16351.0,United Kingdom,2010-01-01,2099-12-31,True,998
12601.0,Germany,2010-01-01,2099-12-31,True,999
13144.0,United Kingdom,2010-01-01,2099-12-31,True,1000
15346.0,United Kingdom,2010-01-01,2099-12-31,True,1001
15370.0,United Kingdom,2010-01-01,2099-12-31,True,1002
12643.0,France,2010-01-01,2099-12-31,True,1003
16034.0,United Kingdom,2010-01-01,2099-12-31,True,1004
17365.0,United Kingdom,2010-01-01,2099-12-31,True,1005
15189.0,United Kingdom,2010-01-01,2099-12-31,True,1006
14669.0,United Kingdom,2010-01-01,2099-12-31,True,1007
18095.0,United Kingdom,2010-01-01,2099-12-31,True,1008
15749.0,United Kingdom,2010-01-01,2099-12-31,True,1009
15518.0,United Kingdom,2010-01-01,2099-12-31,True,1010
14209.0,United Kingdom,2010-01-01,2099-12-31,True,1011
16042.0,United Kingdom,2010-01-01,2099-12-31,True,1012
15569.0,United Kingdom,2010-01-01,2099-12-31,True,1013
12728.0,France,2010-01-01,2099-12-31,True,1014
13672.0,United Kingdom,2010-01-01,2099-12-31,True,1015
17569.0,United Kingdom,2010-01-01,2099-12-31,True,1016
13784.0,United Kingdom,2010-01-01,2099-12-31,True,1017
12724.0,France,2010-01-01,2099-12-31,True,1018
13862.0,United Kingdom,2010-01-01,2099-12-31,True,1019
16791.0,United Kingdom,2010-01-01,2099-12-31,True,1020
16235.0,United Kingdom,2010-01-01,2099-12-31,True,1021
14270.0,United Kingdom,2010-01-01,2099-12-31,True,1022
12523.0,France,2010-01-01,2099-12-31,True,1023
16655.0,United Kingdom,2010-01-01,2099-12-31,True,1024
16359.0,United Kingdom,2010-01-01,2099-12-31,True,1025
16554.0,United Kingdom,2010-01-01,2099-12-31,True,1026
12359.0,Cyprus,2010-01-01,2099-12-31,True,1027
15939.0,United Kingdom,2010-01-01,2099-12-31,True,1028
14587.0,United Kingdom,2010-01-01,2099-12-31,True,1029
14715.0,United Kingdom,2010-01-01,2099-12-31,True,1030
14185.0,United Kingdom,2010-01-01,2099-12-31,True,1031
12437.0,France,2010-01-01,2099-12-31,True,1032
14040.0,United Kingdom,2010-01-01,2099-12-31,True,1033
12652.0,France,2010-01-01,2099-12-31,True,1034
14514.0,United Kingdom,2010-01-01,2099-12-31,True,1035
15171.0,United Kingdom,2010-01-01,2099-12-31,True,1036
14167.0,United Kingdom,2010-01-01,2099-12-31,True,1037
17389.0,United Kingdom,2010-01-01,2099-12-31,True,1038
17048.0,United Kingdom,2010-01-01,2099-12-31,True,1039
17364.0,United Kingdom,2010-01-01,2099-12-31,True,1040
13284.0,United Kingdom,2010-01-01,2099-12-31,True,1041
16500.0,United Kingdom,2010-01-01,2099-12-31,True,1042
12951.0,United Kingdom,2010-01-01,2099-12-31,True,1043
15835.0,United Kingdom,2010-01-01,2099-12-31,True,1044
18190.0,United Kingdom,2010-01-01,2099-12-31,True,1045
13993.0,United Kingdom,2010-01-01,2099-12-31,True,1046
14114.0,United Kingdom,2010-01-01,2099-12-31,True,1047
15447.0,United Kingdom,2010-01-01,2099-12-31,True,1048
16315.0,United Kingdom,2010-01-01,2099-12-31,True,1049
14978.0,United Kingdom,2010-01-01,2099-12-31,True,1050
16395.0,United Kingdom,2010-01-01,2099-12-31,True,1051
15510.0,United Kingdom,2010-01-01,2099-12-31,True,1052
13614.0,United Kingdom,2010-01-01,2099-12-31,True,1053
13246.0,United Kingdom,2010-01-01,2099-12-31,True,1054
15687.0,United Kingdom,2010-01-01,2099-12-31,True,1055
12578.0,Italy,2010-01-01,2099-12-31,True,1056
16493.0,United Kingdom,2010-01-01,2099-12-31,True,1057
12490.0,France,2010-01-01,2099-12-31,True,1058
12672.0,France,2010-01-01,2099-12-31,True,1059
13385.0,United Kingdom,2010-01-01,2099-12-31,True,1060
12474.0,Germany,2010-01-01,2099-12-31,True,1061
15626.0,United Kingdom,2010-01-01,2099-12-31,True,1062
12553.0,France,2010-01-01,2099-12-31,True,1063
15213.0,United Kingdom,2010-01-01,2099-12-31,True,1064
14175.0,United Kingdom,2010-01-01,2099-12-31,True,1065
18106.0,United Kingdom,2010-01-01,2099-12-31,True,1066
15033.0,United Kingdom,2010-01-01,2099-12-31,True,1067
14329.0,United Kingdom,2010-01-01,2099-12-31,True,1068
16401.0,United Kingdom,2010-01-01,2099-12-31,True,1069
16206.0,United Kingdom,2010-01-01,2099-12-31,True,1070
13782.0,United Kingdom,2010-01-01,2099-12-31,True,1071
12924.0,United Kingdom,2010-01-01,2099-12-31,True,1072
16593.0,United Kingdom,2010-01-01,2099-12-31,True,1073
15535.0,United Kingdom,2010-01-01,2099-12-31,True,1074
13700.0,United Kingdom,2010-01-01,2099-12-31,True,1075
13064.0,United Kingdom,2010-01-01,2099-12-31,True,1076
13048.0,United Kingdom,2010-01-01,2099-12-31,True,1077
13634.0,United Kingdom,2010-01-01,2099-12-31,True,1078
18069.0,United Kingdom,2010-01-01,2099-12-31,True,1079
16843.0,United Kingdom,2010-01-01,2099-12-31,True,1080
17064.0,United Kingdom,2010-01-01,2099-12-31,True,1081
17609.0,United Kingdom,2010-01-01,2099-12-31,True,1082
15673.0,United Kingdom,2010-01-01,2099-12-31,True,1083
12626.0,Germany,2010-01-01,2099-12-31,True,1084
14976.0,United Kingdom,2010-01-01,2099-12-31,True,1085
12388.0,Australia,2010-01-01,2099-12-31,True,1086
13527.0,United Kingdom,2010-01-01,2099-12-31,True,1087
15696.0,United Kingdom,2010-01-01,2099-12-31,True,1088
15316.0,United Kingdom,2010-01-01,2099-12-31,True,1089
12673.0,Germany,2010-01-01,2099-12-31,True,1090
15296.0,United Kingdom,2010-01-01,2099-12-31,True,1091
17988.0,United Kingdom,2010-01-01,2099-12-31,True,1092
12820.0,United Kingdom,2010-01-01,2099-12-31,True,1093
13001.0,United Kingdom,2010-01-01,2099-12-31,True,1094
14101.0,United Kingdom,2010-01-01,2099-12-31,True,1095
14238.0,United Kingdom,2010-01-01,2099-12-31,True,1096
17730.0,United Kingdom,2010-01-01,2099-12-31,True,1097
13929.0,United Kingdom,2010-01-01,2099-12-31,True,1098
14657.0,United Kingdom,2010-01-01,2099-12-31,True,1099
13859.0,United Kingdom,2010-01-01,2099-12-31,True,1100
18212.0,United Kingdom,2010-01-01,2099-12-31,True,1101
18233.0,United Kingdom,2010-01-01,2099-12-31,True,1102
17018.0,United Kingdom,2010-01-01,2099-12-31,True,1103
14242.0,United Kingdom,2010-01-01,2099-12-31,True,1104
12356.0,Portugal,2010-01-01,2099-12-31,True,1105
12346.0,United Kingdom,2010-01-01,2099-12-31,True,1106
13898.0,United Kingdom,2010-01-01,2099-12-31,True,1107
16948.0,United Kingdom,2010-01-01,2099-12-31,True,1108
16997.0,United Kingdom,2010-01-01,2099-12-31,True,1109
12527.0,Germany,2010-01-01,2099-12-31,True,1110
15395.0,United Kingdom,2010-01-01,2099-12-31,True,1111
12510.0,Spain,2010-01-01,2099-12-31,True,1112
13263.0,United Kingdom,2010-01-01,2099-12-31,True,1113
14428.0,United Kingdom,2010-01-01,2099-12-31,True,1114
12665.0,Germany,2010-01-01,2099-12-31,True,1115
12451.0,Switzerland,2010-01-01,2099-12-31,True,1116
12422.0,Australia,2010-01-01,2099-12-31,True,1117
17708.0,United Kingdom,2010-01-01,2099-12-31,True,1118
14090.0,United Kingdom,2010-01-01,2099-12-31,True,1119
15606.0,United Kingdom,2010-01-01,2099-12-31,True,1120
13310.0,United Kingdom,2010-01-01,2099-12-31,True,1121
15831.0,United Kingdom,2010-01-01,2099-12-31,True,1122
14916.0,United Kingdom,2010-01-01,2099-12-31,True,1123
17602.0,United Kingdom,2010-01-01,2099-12-31,True,1124
14572.0,United Kingdom,2010-01-01,2099-12-31,True,1125
13502.0,United Kingdom,2010-01-01,2099-12-31,True,1126
14784.0,United Kingdom,2010-01-01,2099-12-31,True,1127
15938.0,United Kingdom,2010-01-01,2099-12-31,True,1128
12637.0,France,2010-01-01,2099-12-31,True,1129
17418.0,United Kingdom,2010-01-01,2099-12-31,True,1130
14779.0,United Kingdom,2010-01-01,2099-12-31,True,1131
16321.0,Australia,2010-01-01,2099-12-31,True,1132
15262.0,United Kingdom,2010-01-01,2099-12-31,True,1133
17862.0,United Kingdom,2010-01-01,2099-12-31,True,1134
12402.0,Belgium,2010-01-01,2099-12-31,True,1135
17771.0,United Kingdom,2010-01-01,2099-12-31,True,1136
15422.0,United Kingdom,2010-01-01,2099-12-31,True,1137
13008.0,United Kingdom,2010-01-01,2099-12-31,True,1138
14770.0,United Kingdom,2010-01-01,2099-12-31,True,1139
16912.0,United Kingdom,2010-01-01,2099-12-31,True,1140
15174.0,United Kingdom,2010-01-01,2099-12-31,True,1141
12594.0,Italy,2010-01-01,2099-12-31,True,1142
17504.0,United Kingdom,2010-01-01,2099-12-31,True,1143
16387.0,United Kingdom,2010-01-01,2099-12-31,True,1144
12664.0,Finland,2010-01-01,2099-12-31,True,1145
16618.0,United Kingdom,2010-01-01,2099-12-31,True,1146
17277.0,United Kingdom,2010-01-01,2099-12-31,True,1147
14088.0,United Kingdom,2010-01-01,2099-12-31,True,1148
17094.0,United Kingdom,2010-01-01,2099-12-31,True,1149
14692.0,United Kingdom,2010-01-01,2099-12-31,True,1150
12970.0,United Kingdom,2010-01-01,2099-12-31,True,1151
17889.0,United Kingdom,2010-01-01,2099-12-31,True,1152
17714.0,United Kingdom,2010-01-01,2099-12-31,True,1153
12916.0,United Kingdom,2010-01-01,2099-12-31,True,1154
17769.0,United Kingdom,2010-01-01,2099-12-31,True,1155
14450.0,United Kingdom,2010-01-01,2099-12-31,True,1156
16085.0,United Kingdom,2010-01-01,2099-12-31,True,1157
13659.0,United Kingdom,2010-01-01,2099-12-31,True,1158
15167.0,United Kingdom,2010-01-01,2099-12-31,True,1159
15443.0,United Kingdom,2010-01-01,2099-12-31,True,1160
14224.0,United Kingdom,2010-01-01,2099-12-31,True,1161
13742.0,United Kingdom,2010-01-01,2099-12-31,True,1162
17673.0,United Kingdom,2010-01-01,2099-12-31,True,1163
12727.0,France,2010-01-01,2099-12-31,True,1164
14068.0,United Kingdom,2010-01-01,2099-12-31,True,1165
13068.0,United Kingdom,2010-01-01,2099-12-31,True,1166
14368.0,United Kingdom,2010-01-01,2099-12-31,True,1167
15497.0,United Kingdom,2010-01-01,2099-12-31,True,1168
12559.0,Germany,2010-01-01,2099-12-31,True,1169
13819.0,United Kingdom,2010-01-01,2099-12-31,True,1170
14501.0,United Kingdom,2010-01-01,2099-12-31,True,1171
14782.0,United Kingdom,2010-01-01,2099-12-31,True,1172
17861.0,United Kingdom,2010-01-01,2099-12-31,True,1173
14439.0,Greece,2010-01-01,2099-12-31,True,1174
18161.0,United Kingdom,2010-01-01,2099-12-31,True,1175
15820.0,United Kingdom,2010-01-01,2099-12-31,True,1176
18136.0,United Kingdom,2010-01-01,2099-12-31,True,1177
16660.0,United Kingdom,2010-01-01,2099-12-31,True,1178
12693.0,Germany,2010-01-01,2099-12-31,True,1179
12625.0,Germany,2010-01-01,2099-12-31,True,1180
13396.0,United Kingdom,2010-01-01,2099-12-31,True,1181
15179.0,United Kingdom,2010-01-01,2099-12-31,True,1182
12935.0,United Kingdom,2010-01-01,2099-12-31,True,1183
16730.0,United Kingdom,2010-01-01,2099-12-31,True,1184
14541.0,United Kingdom,2010-01-01,2099-12-31,True,1185
13551.0,United Kingdom,2010-01-01,2099-12-31,True,1186
12421.0,Spain,2010-01-01,2099-12-31,True,1187
15797.0,United Kingdom,2010-01-01,2099-12-31,True,1188
15052.0,United Kingdom,2010-01-01,2099-12-31,True,1189
14130.0,United Kingdom,2010-01-01,2099-12-31,True,1190
15222.0,United Kingdom,2010-01-01,2099-12-31,True,1191
13615.0,United Kingdom,2010-01-01,2099-12-31,True,1192
13901.0,United Kingdom,2010-01-01,2099-12-31,True,1193
13158.0,United Kingdom,2010-01-01,2099-12-31,True,1194
14257.0,United Kingdom,2010-01-01,2099-12-31,True,1195
15218.0,United Kingdom,2010-01-01,2099-12-31,True,1196
15110.0,United Kingdom,2010-01-01,2099-12-31,True,1197
15967.0,United Kingdom,2010-01-01,2099-12-31,True,1198
16757.0,United Kingdom,2010-01-01,2099-12-31,True,1199
13815.0,Germany,2010-01-01,2099-12-31,True,1200
18008.0,United Kingdom,2010-01-01,2099-12-31,True,1201
14534.0,United Kingdom,2010-01-01,2099-12-31,True,1202
13703.0,United Kingdom,2010-01-01,2099-12-31,True,1203
15339.0,United Kingdom,2010-01-01,2099-12-31,True,1204
12744.0,Singapore,2010-01-01,2099-12-31,True,1205
12854.0,United Kingdom,2010-01-01,2099-12-31,True,1206
16222.0,United Kingdom,2010-01-01,2099-12-31,True,1207
14341.0,United Kingdom,2010-01-01,2099-12-31,True,1208
13168.0,United Kingdom,2010-01-01,2099-12-31,True,1209
16943.0,United Kingdom,2010-01-01,2099-12-31,True,1210
17515.0,United Kingdom,2010-01-01,2099-12-31,True,1211
17082.0,United Kingdom,2010-01-01,2099-12-31,True,1212
14248.0,United Kingdom,2010-01-01,2099-12-31,True,1213
12609.0,Germany,2010-01-01,2099-12-31,True,1214
13002.0,United Kingdom,2010-01-01,2099-12-31,True,1215
16133.0,United Kingdom,2010-01-01,2099-12-31,True,1216
13049.0,United Kingdom,2010-01-01,2099-12-31,True,1217
14548.0,United Kingdom,2010-01-01,2099-12-31,True,1218
13405.0,United Kingdom,2010-01-01,2099-12-31,True,1219
16043.0,United Kingdom,2010-01-01,2099-12-31,True,1220
14049.0,United Kingdom,2010-01-01,2099-12-31,True,1221
15812.0,United Kingdom,2010-01-01,2099-12-31,True,1222
13837.0,United Kingdom,2010-01-01,2099-12-31,True,1223
17118.0,United Kingdom,2010-01-01,2099-12-31,True,1224
14616.0,United Kingdom,2010-01-01,2099-12-31,True,1225
14233.0,United Kingdom,2010-01-01,2099-12-31,True,1226
17075.0,United Kingdom,2010-01-01,2099-12-31,True,1227
16714.0,United Kingdom,2010-01-01,2099-12-31,True,1228
13098.0,United Kingdom,2010-01-01,2099-12-31,True,1229
17027.0,United Kingdom,2010-01-01,2099-12-31,True,1230
12591.0,Italy,2010-01-01,2099-12-31,True,1231
17786.0,United Kingdom,2010-01-01,2099-12-31,True,1232
16124.0,United Kingdom,2010-01-01,2099-12-31,True,1233
16409.0,United Kingdom,2010-01-01,2099-12-31,True,1234
13754.0,United Kingdom,2010-01-01,2099-12-31,True,1235
15227.0,United Kingdom,2010-01-01,2099-12-31,True,1236
12997.0,United Kingdom,2010-01-01,2099-12-31,True,1237
16918.0,United Kingdom,2010-01-01,2099-12-31,True,1238
16882.0,United Kingdom,2010-01-01,2099-12-31,True,1239
14442.0,Channel Islands,2010-01-01,2099-12-31,True,1240
16496.0,United Kingdom,2010-01-01,2099-12-31,True,1241
12764.0,Lebanon,2010-01-01,2099-12-31,True,1242
17311.0,United Kingdom,2010-01-01,2099-12-31,True,1243
15910.0,United Kingdom,2010-01-01,2099-12-31,True,1244
16949.0,United Kingdom,2010-01-01,2099-12-31,True,1245
14970.0,United Kingdom,2010-01-01,2099-12-31,True,1246
14701.0,United Kingdom,2010-01-01,2099-12-31,True,1247
12645.0,Germany,2010-01-01,2099-12-31,True,1248
12468.0,Germany,2010-01-01,2099-12-31,True,1249
16767.0,United Kingdom,2010-01-01,2099-12-31,True,1250
14738.0,United Kingdom,2010-01-01,2099-12-31,True,1251
17540.0,United Kingdom,2010-01-01,2099-12-31,True,1252
14239.0,United Kingdom,2010-01-01,2099-12-31,True,1253
18125.0,United Kingdom,2010-01-01,2099-12-31,True,1254
13328.0,United Kingdom,2010-01-01,2099-12-31,True,1255
15549.0,United Kingdom,2010-01-01,2099-12-31,True,1256
15864.0,United Kingdom,2010-01-01,2099-12-31,True,1257
14662.0,United Kingdom,2010-01-01,2099-12-31,True,1258
17180.0,United Kingdom,2010-01-01,2099-12-31,True,1259
15057.0,United Kingdom,2010-01-01,2099-12-31,True,1260
12574.0,France,2010-01-01,2099-12-31,True,1261
13330.0,United Kingdom,2010-01-01,2099-12-31,True,1262
13552.0,United Kingdom,2010-01-01,2099-12-31,True,1263
12853.0,United Kingdom,2010-01-01,2099-12-31,True,1264
13538.0,United Kingdom,2010-01-01,2099-12-31,True,1265
16755.0,United Kingdom,2010-01-01,2099-12-31,True,1266
14133.0,United Kingdom,2010-01-01,2099-12-31,True,1267
16523.0,United Kingdom,2010-01-01,2099-12-31,True,1268
14659.0,United Kingdom,2010-01-01,2099-12-31,True,1269
13141.0,United Kingdom,2010-01-01,2099-12-31,True,1270
15365.0,United Kingdom,2010-01-01,2099-12-31,True,1271
13707.0,United Kingdom,2010-01-01,2099-12-31,True,1272
13709.0,United Kingdom,2010-01-01,2099-12-31,True,1273
17329.0,United Kingdom,2010-01-01,2099-12-31,True,1274
14805.0,United Kingdom,2010-01-01,2099-12-31,True,1275
16897.0,United Kingdom,2010-01-01,2099-12-31,True,1276
15579.0,United Kingdom,2010-01-01,2099-12-31,True,1277
14595.0,United Kingdom,2010-01-01,2099-12-31,True,1278
13161.0,United Kingdom,2010-01-01,2099-12-31,True,1279
15415.0,United Kingdom,2010-01-01,2099-12-31,True,1280
17431.0,United Kingdom,2010-01-01,2099-12-31,True,1281
17463.0,United Kingdom,2010-01-01,2099-12-31,True,1282
14502.0,United Kingdom,2010-01-01,2099-12-31,True,1283
12528.0,Germany,2010-01-01,2099-12-31,True,1284
17239.0,United Kingdom,2010-01-01,2099-12-31,True,1285
14426.0,United Kingdom,2010-01-01,2099-12-31,True,1286
15448.0,United Kingdom,2010-01-01,2099-12-31,True,1287
17314.0,United Kingdom,2010-01-01,2099-12-31,True,1288
17373.0,United Kingdom,2010-01-01,2099-12-31,True,1289
18145.0,United Kingdom,2010-01-01,2099-12-31,True,1290
14467.0,United Kingdom,2010-01-01,2099-12-31,True,1291
12908.0,United Kingdom,2010-01-01,2099-12-31,True,1292
15144.0,United Kingdom,2010-01-01,2099-12-31,True,1293
14776.0,United Kingdom,2010-01-01,2099-12-31,True,1294
16403.0,United Kingdom,2010-01-01,2099-12-31,True,1295
16407.0,United Kingdom,2010-01-01,2099-12-31,True,1296
17619.0,United Kingdom,2010-01-01,2099-12-31,True,1297
12778.0,Netherlands,2010-01-01,2099-12-31,True,1298
17256.0,United Kingdom,2010-01-01,2099-12-31,True,1299
17604.0,United Kingdom,2010-01-01,2099-12-31,True,1300
14006.0,United Kingdom,2010-01-01,2099-12-31,True,1301
13600.0,United Kingdom,2010-01-01,2099-12-31,True,1302
15058.0,United Kingdom,2010-01-01,2099-12-31,True,1303
15240.0,United Kingdom,2010-01-01,2099-12-31,True,1304
17147.0,United Kingdom,2010-01-01,2099-12-31,True,1305
13881.0,United Kingdom,2010-01-01,2099-12-31,True,1306
16570.0,United Kingdom,2010-01-01,2099-12-31,True,1307
16612.0,United Kingdom,2010-01-01,2099-12-31,True,1308
17356.0,United Kingdom,2010-01-01,2099-12-31,True,1309
12836.0,United Kingdom,2010-01-01,2099-12-31,True,1310
14850.0,United Kingdom,2010-01-01,2099-12-31,True,1311
13939.0,United Kingdom,2010-01-01,2099-12-31,True,1312
16745.0,United Kingdom,2010-01-01,2099-12-31,True,1313
13606.0,United Kingdom,2010-01-01,2099-12-31,True,1314
13494.0,United Kingdom,2010-01-01,2099-12-31,True,1315
13802.0,United Kingdom,2010-01-01,2099-12-31,True,1316
12929.0,United Kingdom,2010-01-01,2099-12-31,True,1317
16419.0,United Kingdom,2010-01-01,2099-12-31,True,1318
17035.0,United Kingdom,2010-01-01,2099-12-31,True,1319
15203.0,United Kingdom,2010-01-01,2099-12-31,True,1320
16515.0,United Kingdom,2010-01-01,2099-12-31,True,1321
12373.0,Austria,2010-01-01,2099-12-31,True,1322
18202.0,United Kingdom,2010-01-01,2099-12-31,True,1323
12775.0,Netherlands,2010-01-01,2099-12-31,True,1324
14549.0,United Kingdom,2010-01-01,2099-12-31,True,1325
15981.0,United Kingdom,2010-01-01,2099-12-31,True,1326
16110.0,United Kingdom,2010-01-01,2099-12-31,True,1327
17376.0,United Kingdom,2010-01-01,2099-12-31,True,1328
13110.0,United Kingdom,2010-01-01,2099-12-31,True,1329
16716.0,United Kingdom,2010-01-01,2099-12-31,True,1330
12676.0,Sweden,2010-01-01,2099-12-31,True,1331
15940.0,United Kingdom,2010-01-01,2099-12-31,True,1332
15971.0,United Kingdom,2010-01-01,2099-12-31,True,1333
14665.0,United Kingdom,2010-01-01,2099-12-31,True,1334
14457.0,United Kingdom,2010-01-01,2099-12-31,True,1335
15589.0,United Kingdom,2010-01-01,2099-12-31,True,1336
14411.0,United Kingdom,2010-01-01,2099-12-31,True,1337
17560.0,United Kingdom,2010-01-01,2099-12-31,True,1338
15226.0,United Kingdom,2010-01-01,2099-12-31,True,1339
14460.0,United Kingdom,2010-01-01,2099-12-31,True,1340
16156.0,United Kingdom,2010-01-01,2099-12-31,True,1341
13728.0,United Kingdom,2010-01-01,2099-12-31,True,1342
14127.0,United Kingdom,2010-01-01,2099-12-31,True,1343
16378.0,United Kingdom,2010-01-01,2099-12-31,True,1344
13894.0,United Kingdom,2010-01-01,2099-12-31,True,1345
13824.0,United Kingdom,2010-01-01,2099-12-31,True,1346
18250.0,United Kingdom,2010-01-01,2099-12-31,True,1347
15270.0,United Kingdom,2010-01-01,2099-12-31,True,1348
14188.0,United Kingdom,2010-01-01,2099-12-31,True,1349
18017.0,United Kingdom,2010-01-01,2099-12-31,True,1350
15421.0,United Kingdom,2010-01-01,2099-12-31,True,1351
17446.0,United Kingdom,2010-01-01,2099-12-31,True,1352
12414.0,Austria,2010-01-01,2099-12-31,True,1353
14798.0,United Kingdom,2010-01-01,2099-12-31,True,1354
12990.0,United Kingdom,2010-01-01,2099-12-31,True,1355
12350.0,Norway,2010-01-01,2099-12-31,True,1356
17337.0,United Kingdom,2010-01-01,2099-12-31,True,1357
16405.0,United Kingdom,2010-01-01,2099-12-31,True,1358
17071.0,United Kingdom,2010-01-01,2099-12-31,True,1359
13873.0,United Kingdom,2010-01-01,2099-12-31,True,1360
17362.0,United Kingdom,2010-01-01,2099-12-31,True,1361
13394.0,United Kingdom,2010-01-01,2099-12-31,True,1362
12502.0,Spain,2010-01-01,2099-12-31,True,1363
16333.0,United Kingdom,2010-01-01,2099-12-31,True,1364
16030.0,United Kingdom,2010-01-01,2099-12-31,True,1365
14044.0,United Kingdom,2010-01-01,2099-12-31,True,1366
13800.0,United Kingdom,2010-01-01,2099-12-31,True,1367
17672.0,United Kingdom,2010-01-01,2099-12-31,True,1368
12464.0,Belgium,2010-01-01,2099-12-31,True,1369
13581.0,United Kingdom,2010-01-01,2099-12-31,True,1370
14540.0,United Kingdom,2010-01-01,2099-12-31,True,1371
13539.0,United Kingdom,2010-01-01,2099-12-31,True,1372
15885.0,United Kingdom,2010-01-01,2099-12-31,True,1373
14497.0,United Kingdom,2010-01-01,2099-12-31,True,1374
17507.0,United Kingdom,2010-01-01,2099-12-31,True,1375
13208.0,United Kingdom,2010-01-01,2099-12-31,True,1376
17334.0,United Kingdom,2010-01-01,2099-12-31,True,1377
13871.0,United Kingdom,2010-01-01,2099-12-31,True,1378
16938.0,United Kingdom,2010-01-01,2099-12-31,True,1379
12754.0,Japan,2010-01-01,2099-12-31,True,1380
12410.0,Switzerland,2010-01-01,2099-12-31,True,1381
17929.0,United Kingdom,2010-01-01,2099-12-31,True,1382
14778.0,United Kingdom,2010-01-01,2099-12-31,True,1383
17517.0,United Kingdom,2010-01-01,2099-12-31,True,1384
17226.0,United Kingdom,2010-01-01,2099-12-31,True,1385
13137.0,United Kingdom,2010-01-01,2099-12-31,True,1386
13725.0,United Kingdom,2010-01-01,2099-12-31,True,1387
13309.0,United Kingdom,2010-01-01,2099-12-31,True,1388
12842.0,United Kingdom,2010-01-01,2099-12-31,True,1389
16109.0,United Kingdom,2010-01-01,2099-12-31,True,1390
17291.0,United Kingdom,2010-01-01,2099-12-31,True,1391
15090.0,United Kingdom,2010-01-01,2099-12-31,True,1392
15199.0,United Kingdom,2010-01-01,2099-12-31,True,1393
13911.0,United Kingdom,2010-01-01,2099-12-31,True,1394
14194.0,United Kingdom,2010-01-01,2099-12-31,True,1395
14842.0,United Kingdom,2010-01-01,2099-12-31,True,1396
13584.0,United Kingdom,2010-01-01,2099-12-31,True,1397
17105.0,United Kingdom,2010-01-01,2099-12-31,True,1398
14438.0,United Kingdom,2010-01-01,2099-12-31,True,1399
12956.0,United Kingdom,2010-01-01,2099-12-31,True,1400
15781.0,United Kingdom,2010-01-01,2099-12-31,True,1401
14410.0,United Kingdom,2010-01-01,2099-12-31,True,1402
14600.0,United Kingdom,2010-01-01,2099-12-31,True,1403
17302.0,United Kingdom,2010-01-01,2099-12-31,True,1404
17613.0,United Kingdom,2010-01-01,2099-12-31,True,1405
13334.0,United Kingdom,2010-01-01,2099-12-31,True,1406
13955.0,United Kingdom,2010-01-01,2099-12-31,True,1407
17162.0,United Kingdom,2010-01-01,2099-12-31,True,1408
17774.0,United Kingdom,2010-01-01,2099-12-31,True,1409
13809.0,Cyprus,2010-01-01,2099-12-31,True,1410
15407.0,United Kingdom,2010-01-01,2099-12-31,True,1411
15577.0,United Kingdom,2010-01-01,2099-12-31,True,1412
16332.0,United Kingdom,2010-01-01,2099-12-31,True,1413
14048.0,United Kingdom,2010-01-01,2099-12-31,True,1414
14475.0,United Kingdom,2010-01-01,2099-12-31,True,1415
17859.0,United Kingdom,2010-01-01,2099-12-31,True,1416
12576.0,Poland,2010-01-01,2099-12-31,True,1417
15753.0,United Kingdom,2010-01-01,2099-12-31,True,1418
12599.0,France,2010-01-01,2099-12-31,True,1419
14562.0,United Kingdom,2010-01-01,2099-12-31,True,1420
16951.0,United Kingdom,2010-01-01,2099-12-31,True,1421
16998.0,United Kingdom,2010-01-01,2099-12-31,True,1422
13133.0,United Kingdom,2010-01-01,2099-12-31,True,1423
17881.0,United Kingdom,2010-01-01,2099-12-31,True,1424
15843.0,United Kingdom,2010-01-01,2099-12-31,True,1425
17083.0,United Kingdom,2010-01-01,2099-12-31,True,1426
15970.0,United Kingdom,2010-01-01,2099-12-31,True,1427
13590.0,United Kingdom,2010-01-01,2099-12-31,True,1428
17537.0,United Kingdom,2010-01-01,2099-12-31,True,1429
12401.0,Belgium,2010-01-01,2099-12-31,True,1430
12462.0,Spain,2010-01-01,2099-12-31,True,1431
17843.0,United Kingdom,2010-01-01,2099-12-31,True,1432
13706.0,United Kingdom,2010-01-01,2099-12-31,True,1433
17940.0,United Kingdom,2010-01-01,2099-12-31,True,1434
17686.0,United Kingdom,2010-01-01,2099-12-31,True,1435
14431.0,United Kingdom,2010-01-01,2099-12-31,True,1436
15809.0,United Kingdom,2010-01-01,2099-12-31,True,1437
12561.0,Germany,2010-01-01,2099-12-31,True,1438
14465.0,United Kingdom,2010-01-01,2099-12-31,True,1439
18093.0,United Kingdom,2010-01-01,2099-12-31,True,1440
16027.0,United Kingdom,2010-01-01,2099-12-31,True,1441
12857.0,United Kingdom,2010-01-01,2099-12-31,True,1442
18230.0,United Kingdom,2010-01-01,2099-12-31,True,1443
16425.0,United Kingdom,2010-01-01,2099-12-31,True,1444
16842.0,United Kingdom,2010-01-01,2099-12-31,True,1445
15796.0,United Kingdom,2010-01-01,2099-12-31,True,1446
14555.0,United Kingdom,2010-01-01,2099-12-31,True,1447
15114.0,United Kingdom,2010-01-01,2099-12-31,True,1448
15133.0,United Kingdom,2010-01-01,2099-12-31,True,1449
17705.0,United Kingdom,2010-01-01,2099-12-31,True,1450
12897.0,United Kingdom,2010-01-01,2099-12-31,True,1451
17512.0,United Kingdom,2010-01-01,2099-12-31,True,1452
12477.0,Germany,2010-01-01,2099-12-31,True,1453
15550.0,United Kingdom,2010-01-01,2099-12-31,True,1454
18159.0,United Kingdom,2010-01-01,2099-12-31,True,1455
13875.0,United Kingdom,2010-01-01,2099-12-31,True,1456
15406.0,United Kingdom,2010-01-01,2099-12-31,True,1457
17282.0,United Kingdom,2010-01-01,2099-12-31,True,1458
16434.0,United Kingdom,2010-01-01,2099-12-31,True,1459
17050.0,United Kingdom,2010-01-01,2099-12-31,True,1460
13171.0,United Kingdom,2010-01-01,2099-12-31,True,1461
17472.0,United Kingdom,2010-01-01,2099-12-31,True,1462
17255.0,United Kingdom,2010-01-01,2099-12-31,True,1463
16084.0,United Kingdom,2010-01-01,2099-12-31,True,1464
17667.0,United Kingdom,2010-01-01,2099-12-31,True,1465
12507.0,Spain,2010-01-01,2099-12-31,True,1466
14631.0,United Kingdom,2010-01-01,2099-12-31,True,1467
13381.0,United Kingdom,2010-01-01,2099-12-31,True,1468
15236.0,United Kingdom,2010-01-01,2099-12-31,True,1469
13475.0,United Kingdom,2010-01-01,2099-12-31,True,1470
17829.0,United Arab Emirates,2010-01-01,2099-12-31,True,1471
13717.0,United Kingdom,2010-01-01,2099-12-31,True,1472
13157.0,United Kingdom,2010-01-01,2099-12-31,True,1473
14644.0,United Kingdom,2010-01-01,2099-12-31,True,1474
12993.0,United Kingdom,2010-01-01,2099-12-31,True,1475
17571.0,United Kingdom,2010-01-01,2099-12-31,True,1476
16979.0,United Kingdom,2010-01-01,2099-12-31,True,1477
16738.0,United Kingdom,2010-01-01,2099-12-31,True,1478
15122.0,United Kingdom,2010-01-01,2099-12-31,True,1479
17612.0,United Kingdom,2010-01-01,2099-12-31,True,1480
17348.0,United Kingdom,2010-01-01,2099-12-31,True,1481
13893.0,United Kingdom,2010-01-01,2099-12-31,True,1482
14035.0,United Kingdom,2010-01-01,2099-12-31,True,1483
13623.0,United Kingdom,2010-01-01,2099-12-31,True,1484
14346.0,United Kingdom,2010-01-01,2099-12-31,True,1485
16431.0,United Kingdom,2010-01-01,2099-12-31,True,1486
12616.0,France,2010-01-01,2099-12-31,True,1487
16317.0,United Kingdom,2010-01-01,2099-12-31,True,1488
14935.0,Channel Islands,2010-01-01,2099-12-31,True,1489
16073.0,United Kingdom,2010-01-01,2099-12-31,True,1490
14477.0,United Kingdom,2010-01-01,2099-12-31,True,1491
14760.0,United Kingdom,2010-01-01,2099-12-31,True,1492
14897.0,United Kingdom,2010-01-01,2099-12-31,True,1493
15810.0,United Kingdom,2010-01-01,2099-12-31,True,1494
16509.0,United Kingdom,2010-01-01,2099-12-31,True,1495
14386.0,United Kingdom,2010-01-01,2099-12-31,True,1496
12455.0,Cyprus,2010-01-01,2099-12-31,True,1497
14530.0,United Kingdom,2010-01-01,2099-12-31,True,1498
15670.0,United Kingdom,2010-01-01,2099-12-31,True,1499
12653.0,Israel,2010-01-01,2099-12-31,True,1500
16126.0,United Kingdom,2010-01-01,2099-12-31,True,1501
14609.0,United Kingdom,2010-01-01,2099-12-31,True,1502
13414.0,United Kingdom,2010-01-01,2099-12-31,True,1503
12823.0,United Kingdom,2010-01-01,2099-12-31,True,1504
12352.0,Norway,2010-01-01,2099-12-31,True,1505
12372.0,Denmark,2010-01-01,2099-12-31,True,1506
14944.0,United Kingdom,2010-01-01,2099-12-31,True,1507
16494.0,United Kingdom,2010-01-01,2099-12-31,True,1508
14959.0,United Kingdom,2010-01-01,2099-12-31,True,1509
16148.0,United Kingdom,2010-01-01,2099-12-31,True,1510
17422.0,United Kingdom,2010-01-01,2099-12-31,True,1511
17175.0,United Kingdom,2010-01-01,2099-12-31,True,1512
18257.0,United Kingdom,2010-01-01,2099-12-31,True,1513
12431.0,Belgium,2010-01-01,2099-12-31,True,1514
12362.0,Belgium,2010-01-01,2099-12-31,True,1515
13018.0,United Kingdom,2010-01-01,2099-12-31,True,1516
13718.0,United Kingdom,2010-01-01,2099-12-31,True,1517
15382.0,United Kingdom,2010-01-01,2099-12-31,True,1518
14754.0,United Kingdom,2010-01-01,2099-12-31,True,1519
13151.0,United Kingdom,2010-01-01,2099-12-31,True,1520
12654.0,Germany,2010-01-01,2099-12-31,True,1521
13085.0,United Kingdom,2010-01-01,2099-12-31,True,1522
15903.0,United Kingdom,2010-01-01,2099-12-31,True,1523
15785.0,United Kingdom,2010-01-01,2099-12-31,True,1524
18138.0,United Kingdom,2010-01-01,2099-12-31,True,1525
14379.0,United Kingdom,2010-01-01,2099-12-31,True,1526
14211.0,United Kingdom,2010-01-01,2099-12-31,True,1527
14371.0,United Kingdom,2010-01-01,2099-12-31,True,1528
13425.0,United Kingdom,2010-01-01,2099-12-31,True,1529
12852.0,United Kingdom,2010-01-01,2099-12-31,True,1530
15228.0,United Kingdom,2010-01-01,2099-12-31,True,1531
13012.0,United Kingdom,2010-01-01,2099-12-31,True,1532
16182.0,United Kingdom,2010-01-01,2099-12-31,True,1533
13489.0,United Kingdom,2010-01-01,2099-12-31,True,1534
12714.0,France,2010-01-01,2099-12-31,True,1535
13904.0,United Kingdom,2010-01-01,2099-12-31,True,1536
15755.0,United Kingdom,2010-01-01,2099-12-31,True,1537
13932.0,United Kingdom,2010-01-01,2099-12-31,True,1538
13799.0,United Kingdom,2010-01-01,2099-12-31,True,1539
13951.0,United Kingdom,2010-01-01,2099-12-31,True,1540
16765.0,United Kingdom,2010-01-01,2099-12-31,True,1541
16566.0,United Kingdom,2010-01-01,2099-12-31,True,1542
12891.0,United Kingdom,2010-01-01,2099-12-31,True,1543
16466.0,United Kingdom,2010-01-01,2099-12-31,True,1544
16115.0,United Kingdom,2010-01-01,2099-12-31,True,1545
14162.0,United Kingdom,2010-01-01,2099-12-31,True,1546
13301.0,United Kingdom,2010-01-01,2099-12-31,True,1547
14803.0,United Kingdom,2010-01-01,2099-12-31,True,1548
13744.0,United Kingdom,2010-01-01,2099-12-31,True,1549
12988.0,United Kingdom,2010-01-01,2099-12-31,True,1550
17323.0,United Kingdom,2010-01-01,2099-12-31,True,1551
12707.0,France,2010-01-01,2099-12-31,True,1552
18094.0,United Kingdom,2010-01-01,2099-12-31,True,1553
15129.0,United Kingdom,2010-01-01,2099-12-31,True,1554
17361.0,United Kingdom,2010-01-01,2099-12-31,True,1555
18155.0,United Kingdom,2010-01-01,2099-12-31,True,1556
15321.0,United Kingdom,2010-01-01,2099-12-31,True,1557
13477.0,United Kingdom,2010-01-01,2099-12-31,True,1558
15065.0,United Kingdom,2010-01-01,2099-12-31,True,1559
16980.0,United Kingdom,2010-01-01,2099-12-31,True,1560
15146.0,United Kingdom,2010-01-01,2099-12-31,True,1561
12365.0,Cyprus,2010-01-01,2099-12-31,True,1562
13410.0,United Kingdom,2010-01-01,2099-12-31,True,1563
13044.0,United Kingdom,2010-01-01,2099-12-31,True,1564
16441.0,United Kingdom,2010-01-01,2099-12-31,True,1565
16014.0,United Kingdom,2010-01-01,2099-12-31,True,1566
14520.0,United Kingdom,2010-01-01,2099-12-31,True,1567
18087.0,United Kingdom,2010-01-01,2099-12-31,True,1568
17994.0,United Kingdom,2010-01-01,2099-12-31,True,1569
13038.0,United Kingdom,2010-01-01,2099-12-31,True,1570
17002.0,United Kingdom,2010-01-01,2099-12-31,True,1571
15722.0,United Kingdom,2010-01-01,2099-12-31,True,1572
16349.0,United Kingdom,2010-01-01,2099-12-31,True,1573
16913.0,United Kingdom,2010-01-01,2099-12-31,True,1574
17442.0,United Kingdom,2010-01-01,2099-12-31,True,1575
14895.0,United Kingdom,2010-01-01,2099-12-31,True,1576
18114.0,United Kingdom,2010-01-01,2099-12-31,True,1577
15303.0,United Kingdom,2010-01-01,2099-12-31,True,1578
12845.0,United Kingdom,2010-01-01,2099-12-31,True,1579
18188.0,United Kingdom,2010-01-01,2099-12-31,True,1580
16045.0,United Kingdom,2010-01-01,2099-12-31,True,1581
16573.0,United Kingdom,2010-01-01,2099-12-31,True,1582
13421.0,United Kingdom,2010-01-01,2099-12-31,True,1583
18196.0,United Kingdom,2010-01-01,2099-12-31,True,1584
13285.0,United Kingdom,2010-01-01,2099-12-31,True,1585
13184.0,United Kingdom,2010-01-01,2099-12-31,True,1586
18151.0,United Kingdom,2010-01-01,2099-12-31,True,1587
13804.0,United Kingdom,2010-01-01,2099-12-31,True,1588
17499.0,United Kingdom,2010-01-01,2099-12-31,True,1589
15397.0,United Kingdom,2010-01-01,2099-12-31,True,1590
14276.0,United Kingdom,2010-01-01,2099-12-31,True,1591
13453.0,United Kingdom,2010-01-01,2099-12-31,True,1592
18172.0,United Kingdom,2010-01-01,2099-12-31,True,1593
16394.0,United Kingdom,2010-01-01,2099-12-31,True,1594
17711.0,United Kingdom,2010-01-01,2099-12-31,True,1595
13865.0,United Kingdom,2010-01-01,2099-12-31,True,1596
16940.0,United Kingdom,2010-01-01,2099-12-31,True,1597
14289.0,United Kingdom,2010-01-01,2099-12-31,True,1598
16208.0,United Kingdom,2010-01-01,2099-12-31,True,1599
17063.0,United Kingdom,2010-01-01,2099-12-31,True,1600
13149.0,United Kingdom,2010-01-01,2099-12-31,True,1601
18068.0,United Kingdom,2010-01-01,2099-12-31,True,1602
15932.0,United Kingdom,2010-01-01,2099-12-31,True,1603
16692.0,United Kingdom,2010-01-01,2099-12-31,True,1604
17171.0,United Kingdom,2010-01-01,2099-12-31,True,1605
18231.0,United Kingdom,2010-01-01,2099-12-31,True,1606
14004.0,United Kingdom,2010-01-01,2099-12-31,True,1607
17139.0,United Kingdom,2010-01-01,2099-12-31,True,1608
14513.0,United Kingdom,2010-01-01,2099-12-31,True,1609
15974.0,United Kingdom,2010-01-01,2099-12-31,True,1610
17830.0,United Kingdom,2010-01-01,2099-12-31,True,1611
12565.0,Saudi Arabia,2010-01-01,2099-12-31,True,1612
12582.0,Finland,2010-01-01,2099-12-31,True,1613
14231.0,United Kingdom,2010-01-01,2099-12-31,True,1614
17867.0,United Kingdom,2010-01-01,2099-12-31,True,1615
14880.0,United Kingdom,2010-01-01,2099-12-31,True,1616
13118.0,United Kingdom,2010-01-01,2099-12-31,True,1617
15121.0,United Kingdom,2010-01-01,2099-12-31,True,1618
17117.0,United Kingdom,2010-01-01,2099-12-31,True,1619
12945.0,United Kingdom,2010-01-01,2099-12-31,True,1620
18056.0,United Kingdom,2010-01-01,2099-12-31,True,1621
16072.0,United Kingdom,2010-01-01,2099-12-31,True,1622
16838.0,United Kingdom,2010-01-01,2099-12-31,True,1623
15543.0,United Kingdom,2010-01-01,2099-12-31,True,1624
13751.0,United Kingdom,2010-01-01,2099-12-31,True,1625
15847.0,United Kingdom,2010-01-01,2099-12-31,True,1626
13851.0,United Kingdom,2010-01-01,2099-12-31,True,1627
13501.0,Switzerland,2010-01-01,2099-12-31,True,1628
12633.0,Germany,2010-01-01,2099-12-31,True,1629
13345.0,United Kingdom,2010-01-01,2099-12-31,True,1630
13870.0,United Kingdom,2010-01-01,2099-12-31,True,1631
17034.0,United Kingdom,2010-01-01,2099-12-31,True,1632
16592.0,United Kingdom,2010-01-01,2099-12-31,True,1633
15712.0,United Kingdom,2010-01-01,2099-12-31,True,1634
13362.0,United Kingdom,2010-01-01,2099-12-31,True,1635
14470.0,United Kingdom,2010-01-01,2099-12-31,True,1636
17388.0,United Kingdom,2010-01-01,2099-12-31,True,1637
16841.0,United Kingdom,2010-01-01,2099-12-31,True,1638
13753.0,United Kingdom,2010-01-01,2099-12-31,True,1639
13666.0,United Kingdom,2010-01-01,2099-12-31,True,1640
12361.0,Belgium,2010-01-01,2099-12-31,True,1641
14481.0,United Kingdom,2010-01-01,2099-12-31,True,1642
13792.0,United Kingdom,2010-01-01,2099-12-31,True,1643
17663.0,United Kingdom,2010-01-01,2099-12-31,True,1644
13973.0,United Kingdom,2010-01-01,2099-12-31,True,1645
15990.0,United Kingdom,2010-01-01,2099-12-31,True,1646
13493.0,Switzerland,2010-01-01,2099-12-31,True,1647
13684.0,United Kingdom,2010-01-01,2099-12-31,True,1648
13261.0,United Kingdom,2010-01-01,2099-12-31,True,1649
16598.0,United Kingdom,2010-01-01,2099-12-31,True,1650
14147.0,United Kingdom,2010-01-01,2099-12-31,True,1651
15951.0,United Kingdom,2010-01-01,2099-12-31,True,1652
13971.0,United Kingdom,2010-01-01,2099-12-31,True,1653
17516.0,United Kingdom,2010-01-01,2099-12-31,True,1654
13630.0,United Kingdom,2010-01-01,2099-12-31,True,1655
14157.0,United Kingdom,2010-01-01,2099-12-31,True,1656
13636.0,United Kingdom,2010-01-01,2099-12-31,True,1657
13610.0,United Kingdom,2010-01-01,2099-12-31,True,1658
14745.0,United Kingdom,2010-01-01,2099-12-31,True,1659
12781.0,Czech Republic,2010-01-01,2099-12-31,True,1660
14036.0,United Kingdom,2010-01-01,2099-12-31,True,1661
16057.0,United Kingdom,2010-01-01,2099-12-31,True,1662
16992.0,United Kingdom,2010-01-01,2099-12-31,True,1663
15724.0,United Kingdom,2010-01-01,2099-12-31,True,1664
12458.0,Switzerland,2010-01-01,2099-12-31,True,1665
12598.0,France,2010-01-01,2099-12-31,True,1666
13675.0,United Kingdom,2010-01-01,2099-12-31,True,1667
14227.0,United Kingdom,2010-01-01,2099-12-31,True,1668
16668.0,United Kingdom,2010-01-01,2099-12-31,True,1669
16667.0,United Kingdom,2010-01-01,2099-12-31,True,1670
13509.0,United Kingdom,2010-01-01,2099-12-31,True,1671
15874.0,United Kingdom,2010-01-01,2099-12-31,True,1672
16187.0,United Kingdom,2010-01-01,2099-12-31,True,1673
16339.0,United Kingdom,2010-01-01,2099-12-31,True,1674
12509.0,France,2010-01-01,2099-12-31,True,1675
14046.0,United Kingdom,2010-01-01,2099-12-31,True,1676
13292.0,United Kingdom,2010-01-01,2099-12-31,True,1677
16427.0,United Kingdom,2010-01-01,2099-12-31,True,1678
14056.0,United Kingdom,2010-01-01,2099-12-31,True,1679
15656.0,United Kingdom,2010-01-01,2099-12-31,True,1680
12811.0,Portugal,2010-01-01,2099-12-31,True,1681
16518.0,United Kingdom,2010-01-01,2099-12-31,True,1682
17165.0,United Kingdom,2010-01-01,2099-12-31,True,1683
17462.0,United Kingdom,2010-01-01,2099-12-31,True,1684
14620.0,United Kingdom,2010-01-01,2099-12-31,True,1685
14740.0,United Kingdom,2010-01-01,2099-12-31,True,1686
16462.0,United Kingdom,2010-01-01,2099-12-31,True,1687
12428.0,Finland,2010-01-01,2099-12-31,True,1688
16078.0,United Kingdom,2010-01-01,2099-12-31,True,1689
16915.0,United Kingdom,2010-01-01,2099-12-31,True,1690
15676.0,United Kingdom,2010-01-01,2099-12-31,True,1691
15709.0,United Kingdom,2010-01-01,2099-12-31,True,1692
15241.0,United Kingdom,2010-01-01,2099-12-31,True,1693
12933.0,United Kingdom,2010-01-01,2099-12-31,True,1694
15092.0,United Kingdom,2010-01-01,2099-12-31,True,1695
12679.0,France,2010-01-01,2099-12-31,True,1696
15319.0,United Kingdom,2010-01-01,2099-12-31,True,1697
16212.0,United Kingdom,2010-01-01,2099-12-31,True,1698
15257.0,United Kingdom,2010-01-01,2099-12-31,True,1699
14656.0,United Kingdom,2010-01-01,2099-12-31,True,1700
13884.0,United Kingdom,2010-01-01,2099-12-31,True,1701
12866.0,Belgium,2010-01-01,2099-12-31,True,1702
14676.0,United Kingdom,2010-01-01,2099-12-31,True,1703
13166.0,United Kingdom,2010-01-01,2099-12-31,True,1704
16389.0,United Kingdom,2010-01-01,2099-12-31,True,1705
14292.0,United Kingdom,2010-01-01,2099-12-31,True,1706
15416.0,United Kingdom,2010-01-01,2099-12-31,True,1707
15733.0,United Kingdom,2010-01-01,2099-12-31,True,1708
16678.0,United Kingdom,2010-01-01,2099-12-31,True,1709
12834.0,United Kingdom,2010-01-01,2099-12-31,True,1710
13722.0,United Kingdom,2010-01-01,2099-12-31,True,1711
14934.0,Channel Islands,2010-01-01,2099-12-31,True,1712
15067.0,United Kingdom,2010-01-01,2099-12-31,True,1713
16128.0,United Kingdom,2010-01-01,2099-12-31,True,1714
17770.0,United Kingdom,2010-01-01,2099-12-31,True,1715
15622.0,United Kingdom,2010-01-01,2099-12-31,True,1716
14473.0,United Kingdom,2010-01-01,2099-12-31,True,1717
15104.0,United Kingdom,2010-01-01,2099-12-31,True,1718
15643.0,United Kingdom,2010-01-01,2099-12-31,True,1719
16792.0,United Kingdom,2010-01-01,2099-12-31,True,1720
15031.0,United Kingdom,2010-01-01,2099-12-31,True,1721
15636.0,United Kingdom,2010-01-01,2099-12-31,True,1722
12873.0,United Kingdom,2010-01-01,2099-12-31,True,1723
17923.0,United Kingdom,2010-01-01,2099-12-31,True,1724
16217.0,United Kingdom,2010-01-01,2099-12-31,True,1725
17738.0,United Kingdom,2010-01-01,2099-12-31,True,1726
17426.0,United Kingdom,2010-01-01,2099-12-31,True,1727
16957.0,United Kingdom,2010-01-01,2099-12-31,True,1728
16571.0,United Kingdom,2010-01-01,2099-12-31,True,1729
14483.0,United Kingdom,2010-01-01,2099-12-31,True,1730
15087.0,United Kingdom,2010-01-01,2099-12-31,True,1731
16709.0,United Kingdom,2010-01-01,2099-12-31,True,1732
17856.0,United Kingdom,2010-01-01,2099-12-31,True,1733
15053.0,United Kingdom,2010-01-01,2099-12-31,True,1734
18218.0,United Kingdom,2010-01-01,2099-12-31,True,1735
16159.0,United Kingdom,2010-01-01,2099-12-31,True,1736
17995.0,United Kingdom,2010-01-01,2099-12-31,True,1737
17374.0,United Kingdom,2010-01-01,2099-12-31,True,1738
17789.0,United Kingdom,2010-01-01,2099-12-31,True,1739
17416.0,United Kingdom,2010-01-01,2099-12-31,True,1740
17652.0,United Kingdom,2010-01-01,2099-12-31,True,1741
13476.0,United Kingdom,2010-01-01,2099-12-31,True,1742
12817.0,Austria,2010-01-01,2099-12-31,True,1743
17700.0,United Kingdom,2010-01-01,2099-12-31,True,1744
15393.0,United Kingdom,2010-01-01,2099-12-31,True,1745
13014.0,United Kingdom,2010-01-01,2099-12-31,True,1746
17508.0,Greece,2010-01-01,2099-12-31,True,1747
13931.0,United Kingdom,2010-01-01,2099-12-31,True,1748
12541.0,Spain,2010-01-01,2099-12-31,True,1749
13382.0,United Kingdom,2010-01-01,2099-12-31,True,1750
15220.0,United Kingdom,2010-01-01,2099-12-31,True,1751
14570.0,United Kingdom,2010-01-01,2099-12-31,True,1752
14447.0,United Kingdom,2010-01-01,2099-12-31,True,1753
13557.0,United Kingdom,2010-01-01,2099-12-31,True,1754
16449.0,United Kingdom,2010-01-01,2099-12-31,True,1755
12547.0,Spain,2010-01-01,2099-12-31,True,1756
17325.0,United Kingdom,2010-01-01,2099-12-31,True,1757
14995.0,United Kingdom,2010-01-01,2099-12-31,True,1758
16414.0,United Kingdom,2010-01-01,2099-12-31,True,1759
15681.0,United Kingdom,2010-01-01,2099-12-31,True,1760
14670.0,United Kingdom,2010-01-01,2099-12-31,True,1761
15675.0,United Kingdom,2010-01-01,2099-12-31,True,1762
12584.0,Italy,2010-01-01,2099-12-31,True,1763
17535.0,United Kingdom,2010-01-01,2099-12-31,True,1764
15400.0,United Kingdom,2010-01-01,2099-12-31,True,1765
14903.0,United Kingdom,2010-01-01,2099-12-31,True,1766
14499.0,United Kingdom,2010-01-01,2099-12-31,True,1767
18211.0,United Kingdom,2010-01-01,2099-12-31,True,1768
14504.0,United Kingdom,2010-01-01,2099-12-31,True,1769
15572.0,United Kingdom,2010-01-01,2099-12-31,True,1770
17107.0,United Kingdom,2010-01-01,2099-12-31,True,1771
14247.0,United Kingdom,2010-01-01,2099-12-31,True,1772
15554.0,United Kingdom,2010-01-01,2099-12-31,True,1773
14915.0,United Kingdom,2010-01-01,2099-12-31,True,1774
16136.0,United Kingdom,2010-01-01,2099-12-31,True,1775
18280.0,United Kingdom,2010-01-01,2099-12-31,True,1776
12614.0,Germany,2010-01-01,2099-12-31,True,1777
13344.0,United Kingdom,2010-01-01,2099-12-31,True,1778
16621.0,United Kingdom,2010-01-01,2099-12-31,True,1779
16225.0,United Kingdom,2010-01-01,2099-12-31,True,1780
14214.0,United Kingdom,2010-01-01,2099-12-31,True,1781
14012.0,United Kingdom,2010-01-01,2099-12-31,True,1782
16356.0,United Kingdom,2010-01-01,2099-12-31,True,1783
17654.0,United Kingdom,2010-01-01,2099-12-31,True,1784
15026.0,United Kingdom,2010-01-01,2099-12-31,True,1785
16517.0,United Kingdom,2010-01-01,2099-12-31,True,1786
14817.0,United Kingdom,2010-01-01,2099-12-31,True,1787
17092.0,United Kingdom,2010-01-01,2099-12-31,True,1788
16242.0,United Kingdom,2010-01-01,2099-12-31,True,1789
15869.0,United Kingdom,2010-01-01,2099-12-31,True,1790
17817.0,United Kingdom,2010-01-01,2099-12-31,True,1791
15834.0,United Kingdom,2010-01-01,2099-12-31,True,1792
15234.0,United Kingdom,2010-01-01,2099-12-31,True,1793
15764.0,United Kingdom,2010-01-01,2099-12-31,True,1794
15806.0,United Kingdom,2010-01-01,2099-12-31,True,1795
15819.0,United Kingdom,2010-01-01,2099-12-31,True,1796
14586.0,United Kingdom,2010-01-01,2099-12-31,True,1797
15944.0,United Kingdom,2010-01-01,2099-12-31,True,1798
13340.0,United Kingdom,2010-01-01,2099-12-31,True,1799
16917.0,United Kingdom,2010-01-01,2099-12-31,True,1800
14407.0,United Kingdom,2010-01-01,2099-12-31,True,1801
13908.0,United Kingdom,2010-01-01,2099-12-31,True,1802
12758.0,Portugal,2010-01-01,2099-12-31,True,1803
13975.0,United Kingdom,2010-01-01,2099-12-31,True,1804
14730.0,United Kingdom,2010-01-01,2099-12-31,True,1805
12623.0,Germany,2010-01-01,2099-12-31,True,1806
14367.0,United Kingdom,2010-01-01,2099-12-31,True,1807
13373.0,United Kingdom,2010-01-01,2099-12-31,True,1808
16712.0,United Kingdom,2010-01-01,2099-12-31,True,1809
17639.0,United Kingdom,2010-01-01,2099-12-31,True,1810
16426.0,United Kingdom,2010-01-01,2099-12-31,True,1811
16495.0,United Kingdom,2010-01-01,2099-12-31,True,1812
14336.0,United Kingdom,2010-01-01,2099-12-31,True,1813
14507.0,United Kingdom,2010-01-01,2099-12-31,True,1814
12759.0,Netherlands,2010-01-01,2099-12-31,True,1815
17049.0,United Kingdom,2010-01-01,2099-12-31,True,1816
15206.0,United Kingdom,2010-01-01,2099-12-31,True,1817
14013.0,United Kingdom,2010-01-01,2099-12-31,True,1818
14645.0,United Kingdom,2010-01-01,2099-12-31,True,1819
15071.0,United Kingdom,2010-01-01,2099-12-31,True,1820
14112.0,United Kingdom,2010-01-01,2099-12-31,True,1821
13026.0,United Kingdom,2010-01-01,2099-12-31,True,1822
12881.0,United Kingdom,2010-01-01,2099-12-31,True,1823
17864.0,United Kingdom,2010-01-01,2099-12-31,True,1824
14936.0,Channel Islands,2010-01-01,2099-12-31,True,1825
17138.0,United Kingdom,2010-01-01,2099-12-31,True,1826
16572.0,United Kingdom,2010-01-01,2099-12-31,True,1827
14165.0,United Kingdom,2010-01-01,2099-12-31,True,1828
15367.0,United Kingdom,2010-01-01,2099-12-31,True,1829
14291.0,United Kingdom,2010-01-01,2099-12-31,True,1830
15632.0,United Kingdom,2010-01-01,2099-12-31,True,1831
14297.0,United Kingdom,2010-01-01,2099-12-31,True,1832
13899.0,United Kingdom,2010-01-01,2099-12-31,True,1833
16471.0,United Kingdom,2010-01-01,2099-12-31,True,1834
18183.0,United Kingdom,2010-01-01,2099-12-31,True,1835
14603.0,United Kingdom,2010-01-01,2099-12-31,True,1836
18173.0,United Kingdom,2010-01-01,2099-12-31,True,1837
14854.0,United Kingdom,2010-01-01,2099-12-31,True,1838
16625.0,United Kingdom,2010-01-01,2099-12-31,True,1839
14064.0,United Kingdom,2010-01-01,2099-12-31,True,1840
15308.0,United Kingdom,2010-01-01,2099-12-31,True,1841
18086.0,United Kingdom,2010-01-01,2099-12-31,True,1842
14350.0,United Kingdom,2010-01-01,2099-12-31,True,1843
14930.0,Channel Islands,2010-01-01,2099-12-31,True,1844
16080.0,United Kingdom,2010-01-01,2099-12-31,True,1845
14727.0,United Kingdom,2010-01-01,2099-12-31,True,1846
16778.0,United Kingdom,2010-01-01,2099-12-31,True,1847
14077.0,United Kingdom,2010-01-01,2099-12-31,True,1848
16808.0,United Kingdom,2010-01-01,2099-12-31,True,1849
16475.0,United Kingdom,2010-01-01,2099-12-31,True,1850
13265.0,United Kingdom,2010-01-01,2099-12-31,True,1851
12520.0,Germany,2010-01-01,2099-12-31,True,1852
15049.0,United Kingdom,2010-01-01,2099-12-31,True,1853
18149.0,United Kingdom,2010-01-01,2099-12-31,True,1854
13654.0,United Kingdom,2010-01-01,2099-12-31,True,1855
16652.0,United Kingdom,2010-01-01,2099-12-31,True,1856
16766.0,United Kingdom,2010-01-01,2099-12-31,True,1857
16801.0,United Kingdom,2010-01-01,2099-12-31,True,1858
17164.0,United Kingdom,2010-01-01,2099-12-31,True,1859
13226.0,United Kingdom,2010-01-01,2099-12-31,True,1860
13043.0,United Kingdom,2010-01-01,2099-12-31,True,1861
14352.0,United Kingdom,2010-01-01,2099-12-31,True,1862
17351.0,United Kingdom,2010-01-01,2099-12-31,True,1863
16768.0,United Kingdom,2010-01-01,2099-12-31,True,1864
16693.0,United Kingdom,2010-01-01,2099-12-31,True,1865
13956.0,United Kingdom,2010-01-01,2099-12-31,True,1866
13708.0,United Kingdom,2010-01-01,2099-12-31,True,1867
15918.0,United Kingdom,2010-01-01,2099-12-31,True,1868
15671.0,United Kingdom,2010-01-01,2099-12-31,True,1869
14962.0,United Kingdom,2010-01-01,2099-12-31,True,1870
16807.0,United Kingdom,2010-01-01,2099-12-31,True,1871
15125.0,United Kingdom,2010-01-01,2099-12-31,True,1872
16871.0,United Kingdom,2010-01-01,2099-12-31,True,1873
12901.0,United Kingdom,2010-01-01,2099-12-31,True,1874
13452.0,United Kingdom,2010-01-01,2099-12-31,True,1875
15493.0,United Kingdom,2010-01-01,2099-12-31,True,1876
16005.0,United Kingdom,2010-01-01,2099-12-31,True,1877
15388.0,Canada,2010-01-01,2099-12-31,True,1878
16804.0,United Kingdom,2010-01-01,2099-12-31,True,1879
13499.0,United Kingdom,2010-01-01,2099-12-31,True,1880
15047.0,United Kingdom,2010-01-01,2099-12-31,True,1881
14193.0,United Kingdom,2010-01-01,2099-12-31,True,1882
17542.0,United Kingdom,2010-01-01,2099-12-31,True,1883
15181.0,United Kingdom,2010-01-01,2099-12-31,True,1884
17080.0,United Kingdom,2010-01-01,2099-12-31,True,1885
16392.0,United Kingdom,2010-01-01,2099-12-31,True,1886
15106.0,United Kingdom,2010-01-01,2099-12-31,True,1887
16214.0,United Kingdom,2010-01-01,2099-12-31,True,1888
13716.0,United Kingdom,2010-01-01,2099-12-31,True,1889
15150.0,United Kingdom,2010-01-01,2099-12-31,True,1890
14226.0,United Kingdom,2010-01-01,2099-12-31,True,1891
13121.0,United Kingdom,2010-01-01,2099-12-31,True,1892
16297.0,United Kingdom,2010-01-01,2099-12-31,True,1893
12994.0,United Kingdom,2010-01-01,2099-12-31,True,1894
16152.0,United Kingdom,2010-01-01,2099-12-31,True,1895
14636.0,United Kingdom,2010-01-01,2099-12-31,True,1896
16040.0,United Kingdom,2010-01-01,2099-12-31,True,1897
15793.0,United Kingdom,2010-01-01,2099-12-31,True,1898
13358.0,United Kingdom,2010-01-01,2099-12-31,True,1899
12849.0,United Kingdom,2010-01-01,2099-12-31,True,1900
15182.0,United Kingdom,2010-01-01,2099-12-31,True,1901
13299.0,United Kingdom,2010-01-01,2099-12-31,True,1902
16383.0,United Kingdom,2010-01-01,2099-12-31,True,1903
15381.0,United Kingdom,2010-01-01,2099-12-31,True,1904
12597.0,Spain,2010-01-01,2099-12-31,True,1905
15030.0,United Kingdom,2010-01-01,2099-12-31,True,1906
12435.0,Denmark,2010-01-01,2099-12-31,True,1907
12955.0,United Kingdom,2010-01-01,2099-12-31,True,1908
18189.0,United Kingdom,2010-01-01,2099-12-31,True,1909
13946.0,United Kingdom,2010-01-01,2099-12-31,True,1910
17716.0,United Kingdom,2010-01-01,2099-12-31,True,1911
13185.0,United Kingdom,2010-01-01,2099-12-31,True,1912
14840.0,United Kingdom,2010-01-01,2099-12-31,True,1913
13216.0,United Kingdom,2010-01-01,2099-12-31,True,1914
13650.0,United Kingdom,2010-01-01,2099-12-31,True,1915
13533.0,United Kingdom,2010-01-01,2099-12-31,True,1916
13268.0,United Kingdom,2010-01-01,2099-12-31,True,1917
15433.0,United Kingdom,2010-01-01,2099-12-31,True,1918
12937.0,United Kingdom,2010-01-01,2099-12-31,True,1919
16216.0,United Kingdom,2010-01-01,2099-12-31,True,1920
16377.0,United Kingdom,2010-01-01,2099-12-31,True,1921
16976.0,United Kingdom,2010-01-01,2099-12-31,True,1922
12514.0,Italy,2010-01-01,2099-12-31,True,1923
18210.0,United Kingdom,2010-01-01,2099-12-31,True,1924
13631.0,United Kingdom,2010-01-01,2099-12-31,True,1925
14422.0,United Kingdom,2010-01-01,2099-12-31,True,1926
15648.0,United Kingdom,2010-01-01,2099-12-31,True,1927
17725.0,United Kingdom,2010-01-01,2099-12-31,True,1928
15861.0,United Kingdom,2010-01-01,2099-12-31,True,1929
13072.0,United Kingdom,2010-01-01,2099-12-31,True,1930
15695.0,United Kingdom,2010-01-01,2099-12-31,True,1931
14110.0,United Kingdom,2010-01-01,2099-12-31,True,1932
14059.0,United Kingdom,2010-01-01,2099-12-31,True,1933
16672.0,United Kingdom,2010-01-01,2099-12-31,True,1934
16511.0,United Kingdom,2010-01-01,2099-12-31,True,1935
16256.0,United Kingdom,2010-01-01,2099-12-31,True,1936
13591.0,United Kingdom,2010-01-01,2099-12-31,True,1937
14066.0,United Kingdom,2010-01-01,2099-12-31,True,1938
15483.0,United Kingdom,2010-01-01,2099-12-31,True,1939
16626.0,United Kingdom,2010-01-01,2099-12-31,True,1940
15019.0,United Kingdom,2010-01-01,2099-12-31,True,1941
18270.0,United Kingdom,2010-01-01,2099-12-31,True,1942
14315.0,United Kingdom,2010-01-01,2099-12-31,True,1943
17921.0,United Kingdom,2010-01-01,2099-12-31,True,1944
14041.0,United Kingdom,2010-01-01,2099-12-31,True,1945
17060.0,United Kingdom,2010-01-01,2099-12-31,True,1946
16023.0,United Kingdom,2010-01-01,2099-12-31,True,1947
17133.0,United Kingdom,2010-01-01,2099-12-31,True,1948
12878.0,United Kingdom,2010-01-01,2099-12-31,True,1949
14155.0,United Kingdom,2010-01-01,2099-12-31,True,1950
17043.0,United Kingdom,2010-01-01,2099-12-31,True,1951
13046.0,United Kingdom,2010-01-01,2099-12-31,True,1952
14633.0,United Kingdom,2010-01-01,2099-12-31,True,1953
12948.0,United Kingdom,2010-01-01,2099-12-31,True,1954
15703.0,United Kingdom,2010-01-01,2099-12-31,True,1955
14071.0,United Kingdom,2010-01-01,2099-12-31,True,1956
17134.0,United Kingdom,2010-01-01,2099-12-31,True,1957
17795.0,United Kingdom,2010-01-01,2099-12-31,True,1958
12902.0,United Kingdom,2010-01-01,2099-12-31,True,1959
16444.0,United Kingdom,2010-01-01,2099-12-31,True,1960
14232.0,United Kingdom,2010-01-01,2099-12-31,True,1961
14693.0,United Kingdom,2010-01-01,2099-12-31,True,1962
12407.0,Belgium,2010-01-01,2099-12-31,True,1963
16728.0,United Kingdom,2010-01-01,2099-12-31,True,1964
16096.0,United Kingdom,2010-01-01,2099-12-31,True,1965
13985.0,United Kingdom,2010-01-01,2099-12-31,True,1966
13592.0,United Kingdom,2010-01-01,2099-12-31,True,1967
15140.0,United Kingdom,2010-01-01,2099-12-31,True,1968
12843.0,United Kingdom,2010-01-01,2099-12-31,True,1969
14408.0,United Kingdom,2010-01-01,2099-12-31,True,1970
15408.0,United Kingdom,2010-01-01,2099-12-31,True,1971
15445.0,United Kingdom,2010-01-01,2099-12-31,True,1972
14205.0,United Kingdom,2010-01-01,2099-12-31,True,1973
15452.0,United Kingdom,2010-01-01,2099-12-31,True,1974
14223.0,United Kingdom,2010-01-01,2099-12-31,True,1975
16619.0,United Kingdom,2010-01-01,2099-12-31,True,1976
14762.0,United Kingdom,2010-01-01,2099-12-31,True,1977
13934.0,United Kingdom,2010-01-01,2099-12-31,True,1978
15669.0,United Kingdom,2010-01-01,2099-12-31,True,1979
16384.0,United Kingdom,2010-01-01,2099-12-31,True,1980
18224.0,United Kingdom,2010-01-01,2099-12-31,True,1981
14245.0,United Kingdom,2010-01-01,2099-12-31,True,1982
17678.0,United Kingdom,2010-01-01,2099-12-31,True,1983
15855.0,United Kingdom,2010-01-01,2099-12-31,True,1984
17204.0,United Kingdom,2010-01-01,2099-12-31,True,1985
16036.0,United Kingdom,2010-01-01,2099-12-31,True,1986
17763.0,United Kingdom,2010-01-01,2099-12-31,True,1987
13262.0,United Kingdom,2010-01-01,2099-12-31,True,1988
17152.0,United Kingdom,2010-01-01,2099-12-31,True,1989
14632.0,United Kingdom,2010-01-01,2099-12-31,True,1990
13900.0,United Kingdom,2010-01-01,2099-12-31,True,1991
14875.0,United Kingdom,2010-01-01,2099-12-31,True,1992
15132.0,United Kingdom,2010-01-01,2099-12-31,True,1993
17272.0,United Kingdom,2010-01-01,2099-12-31,True,1994
16135.0,United Kingdom,2010-01-01,2099-12-31,True,1995
12831.0,United Kingdom,2010-01-01,2099-12-31,True,1996
15437.0,United Kingdom,2010-01-01,2099-12-31,True,1997
14711.0,United Kingdom,2010-01-01,2099-12-31,True,1998
14377.0,United Kingdom,2010-01-01,2099-12-31,True,1999
16374.0,United Kingdom,2010-01-01,2099-12-31,True,2000
13196.0,United Kingdom,2010-01-01,2099-12-31,True,2001
16809.0,United Kingdom,2010-01-01,2099-12-31,True,2002
15457.0,United Kingdom,2010-01-01,2099-12-31,True,2003
12613.0,Germany,2010-01-01,2099-12-31,True,2004
16721.0,United Kingdom,2010-01-01,2099-12-31,True,2005
12399.0,Belgium,2010-01-01,2099-12-31,True,2006
17733.0,United Kingdom,2010-01-01,2099-12-31,True,2007
17102.0,United Kingdom,2010-01-01,2099-12-31,True,2008
15410.0,United Kingdom,2010-01-01,2099-12-31,True,2009
13239.0,United Kingdom,2010-01-01,2099-12-31,True,2010
15449.0,United Kingdom,2010-01-01,2099-12-31,True,2011
14870.0,United Kingdom,2010-01-01,2099-12-31,True,2012
13821.0,United Kingdom,2010-01-01,2099-12-31,True,2013
17096.0,United Kingdom,2010-01-01,2099-12-31,True,2014
12604.0,France,2010-01-01,2099-12-31,True,2015
12818.0,Austria,2010-01-01,2099-12-31,True,2016
18191.0,United Kingdom,2010-01-01,2099-12-31,True,2017
14461.0,United Kingdom,2010-01-01,2099-12-31,True,2018
13132.0,United Kingdom,2010-01-01,2099-12-31,True,2019
16859.0,United Kingdom,2010-01-01,2099-12-31,True,2020
15245.0,United Kingdom,2010-01-01,2099-12-31,True,2021
17411.0,United Kingdom,2010-01-01,2099-12-31,True,2022
17486.0,United Kingdom,2010-01-01,2099-12-31,True,2023
16308.0,United Kingdom,2010-01-01,2099-12-31,True,2024
12564.0,France,2010-01-01,2099-12-31,True,2025
14607.0,United Kingdom,2010-01-01,2099-12-31,True,2026
13249.0,United Kingdom,2010-01-01,2099-12-31,True,2027
15644.0,United Kingdom,2010-01-01,2099-12-31,True,2028
14075.0,United Kingdom,2010-01-01,2099-12-31,True,2029
17250.0,United Kingdom,2010-01-01,2099-12-31,True,2030
17966.0,United Kingdom,2010-01-01,2099-12-31,True,2031
14129.0,United Kingdom,2010-01-01,2099-12-31,True,2032
15651.0,United Kingdom,2010-01-01,2099-12-31,True,2033
13035.0,United Kingdom,2010-01-01,2099-12-31,True,2034
17644.0,United Kingdom,2010-01-01,2099-12-31,True,2035
13341.0,United Kingdom,2010-01-01,2099-12-31,True,2036
13512.0,United Kingdom,2010-01-01,2099-12-31,True,2037
16620.0,United Kingdom,2010-01-01,2099-12-31,True,2038
17698.0,United Kingdom,2010-01-01,2099-12-31,True,2039
14267.0,United Kingdom,2010-01-01,2099-12-31,True,2040
13736.0,United Kingdom,2010-01-01,2099-12-31,True,2041
12434.0,Australia,2010-01-01,2099-12-31,True,2042
16022.0,United Kingdom,2010-01-01,2099-12-31,True,2043
14235.0,United Kingdom,2010-01-01,2099-12-31,True,2044
16769.0,United Kingdom,2010-01-01,2099-12-31,True,2045
17754.0,United Kingdom,2010-01-01,2099-12-31,True,2046
12408.0,Belgium,2010-01-01,2099-12-31,True,2047
16063.0,United Kingdom,2010-01-01,2099-12-31,True,2048
15178.0,United Kingdom,2010-01-01,2099-12-31,True,2049
14348.0,United Kingdom,2010-01-01,2099-12-31,True,2050
15815.0,United Kingdom,2010-01-01,2099-12-31,True,2051
13695.0,United Kingdom,2010-01-01,2099-12-31,True,2052
17979.0,United Kingdom,2010-01-01,2099-12-31,True,2053
13139.0,United Kingdom,2010-01-01,2099-12-31,True,2054
12545.0,Spain,2010-01-01,2099-12-31,True,2055
14758.0,United Kingdom,2010-01-01,2099-12-31,True,2056
14536.0,United Kingdom,2010-01-01,2099-12-31,True,2057
13662.0,United Kingdom,2010-01-01,2099-12-31,True,2058
17946.0,United Kingdom,2010-01-01,2099-12-31,True,2059
13743.0,United Kingdom,2010-01-01,2099-12-31,True,2060
18078.0,United Kingdom,2010-01-01,2099-12-31,True,2061
16780.0,United Kingdom,2010-01-01,2099-12-31,True,2062
18273.0,United Kingdom,2010-01-01,2099-12-31,True,2063
15045.0,United Kingdom,2010-01-01,2099-12-31,True,2064
17625.0,United Kingdom,2010-01-01,2099-12-31,True,2065
13357.0,United Kingdom,2010-01-01,2099-12-31,True,2066
16777.0,United Kingdom,2010-01-01,2099-12-31,True,2067
14476.0,United Kingdom,2010-01-01,2099-12-31,True,2068
13481.0,United Kingdom,2010-01-01,2099-12-31,True,2069
16245.0,United Kingdom,2010-01-01,2099-12-31,True,2070
13266.0,United Kingdom,2010-01-01,2099-12-31,True,2071
12669.0,France,2010-01-01,2099-12-31,True,2072
12792.0,Portugal,2010-01-01,2099-12-31,True,2073
17765.0,United Kingdom,2010-01-01,2099-12-31,True,2074
15083.0,United Kingdom,2010-01-01,2099-12-31,True,2075
18010.0,United Kingdom,2010-01-01,2099-12-31,True,2076
15249.0,United Kingdom,2010-01-01,2099-12-31,True,2077
13760.0,United Kingdom,2010-01-01,2099-12-31,True,2078
15624.0,United Kingdom,2010-01-01,2099-12-31,True,2079
17749.0,United Kingdom,2010-01-01,2099-12-31,True,2080
15068.0,United Kingdom,2010-01-01,2099-12-31,True,2081
14538.0,United Kingdom,2010-01-01,2099-12-31,True,2082
14851.0,United Kingdom,2010-01-01,2099-12-31,True,2083
14021.0,United Kingdom,2010-01-01,2099-12-31,True,2084
13037.0,United Kingdom,2010-01-01,2099-12-31,True,2085
18177.0,United Kingdom,2010-01-01,2099-12-31,True,2086
14128.0,United Kingdom,2010-01-01,2099-12-31,True,2087
17874.0,United Kingdom,2010-01-01,2099-12-31,True,2088
17719.0,United Kingdom,2010-01-01,2099-12-31,True,2089
14441.0,United Kingdom,2010-01-01,2099-12-31,True,2090
17931.0,United Kingdom,2010-01-01,2099-12-31,True,2091
13803.0,United Kingdom,2010-01-01,2099-12-31,True,2092
17398.0,United Kingdom,2010-01-01,2099-12-31,True,2093
15906.0,United Kingdom,2010-01-01,2099-12-31,True,2094
16253.0,United Kingdom,2010-01-01,2099-12-31,True,2095
13439.0,United Kingdom,2010-01-01,2099-12-31,True,2096
12888.0,United Kingdom,2010-01-01,2099-12-31,True,2097
13588.0,United Kingdom,2010-01-01,2099-12-31,True,2098
12456.0,Switzerland,2010-01-01,2099-12-31,True,2099
15521.0,United Kingdom,2010-01-01,2099-12-31,True,2100
13720.0,United Kingdom,2010-01-01,2099-12-31,True,2101
15674.0,United Kingdom,2010-01-01,2099-12-31,True,2102
17594.0,United Kingdom,2010-01-01,2099-12-31,True,2103
17775.0,United Kingdom,2010-01-01,2099-12-31,True,2104
13988.0,United Kingdom,2010-01-01,2099-12-31,True,2105
16657.0,United Kingdom,2010-01-01,2099-12-31,True,2106
15424.0,United Kingdom,2010-01-01,2099-12-31,True,2107
13316.0,United Kingdom,2010-01-01,2099-12-31,True,2108
16788.0,United Kingdom,2010-01-01,2099-12-31,True,2109
16584.0,United Kingdom,2010-01-01,2099-12-31,True,2110
15364.0,United Kingdom,2010-01-01,2099-12-31,True,2111
18108.0,United Kingdom,2010-01-01,2099-12-31,True,2112
14272.0,United Kingdom,2010-01-01,2099-12-31,True,2113
15980.0,United Kingdom,2010-01-01,2099-12-31,True,2114
15832.0,United Kingdom,2010-01-01,2099-12-31,True,2115
16092.0,United Kingdom,2010-01-01,2099-12-31,True,2116
15528.0,United Kingdom,2010-01-01,2099-12-31,True,2117
16398.0,United Kingdom,2010-01-01,2099-12-31,True,2118
17088.0,United Kingdom,2010-01-01,2099-12-31,True,2119
17438.0,United Kingdom,2010-01-01,2099-12-31,True,2120
13060.0,United Kingdom,2010-01-01,2099-12-31,True,2121
14790.0,United Kingdom,2010-01-01,2099-12-31,True,2122
14890.0,United Kingdom,2010-01-01,2099-12-31,True,2123
16386.0,United Kingdom,2010-01-01,2099-12-31,True,2124
14818.0,United Kingdom,2010-01-01,2099-12-31,True,2125
13571.0,United Kingdom,2010-01-01,2099-12-31,True,2126
12909.0,United Kingdom,2010-01-01,2099-12-31,True,2127
12619.0,Germany,2010-01-01,2099-12-31,True,2128
16698.0,United Kingdom,2010-01-01,2099-12-31,True,2129
16681.0,United Kingdom,2010-01-01,2099-12-31,True,2130
13573.0,United Kingdom,2010-01-01,2099-12-31,True,2131
13883.0,United Kingdom,2010-01-01,2099-12-31,True,2132
14957.0,United Kingdom,2010-01-01,2099-12-31,True,2133
13918.0,United Kingdom,2010-01-01,2099-12-31,True,2134
17212.0,United Kingdom,2010-01-01,2099-12-31,True,2135
17781.0,United Kingdom,2010-01-01,2099-12-31,True,2136
14886.0,United Kingdom,2010-01-01,2099-12-31,True,2137
13626.0,United Kingdom,2010-01-01,2099-12-31,True,2138
16609.0,United Kingdom,2010-01-01,2099-12-31,True,2139
16180.0,United Kingdom,2010-01-01,2099-12-31,True,2140
13462.0,United Kingdom,2010-01-01,2099-12-31,True,2141
18263.0,United Kingdom,2010-01-01,2099-12-31,True,2142
16960.0,United Kingdom,2010-01-01,2099-12-31,True,2143
13841.0,United Kingdom,2010-01-01,2099-12-31,True,2144
17701.0,United Kingdom,2010-01-01,2099-12-31,True,2145
12949.0,United Kingdom,2010-01-01,2099-12-31,True,2146
14852.0,United Kingdom,2010-01-01,2099-12-31,True,2147
12569.0,Germany,2010-01-01,2099-12-31,True,2148
13169.0,United Kingdom,2010-01-01,2099-12-31,True,2149
16162.0,United Kingdom,2010-01-01,2099-12-31,True,2150
15691.0,United Kingdom,2010-01-01,2099-12-31,True,2151
14195.0,United Kingdom,2010-01-01,2099-12-31,True,2152
13781.0,United Kingdom,2010-01-01,2099-12-31,True,2153
17758.0,United Kingdom,2010-01-01,2099-12-31,True,2154
14023.0,United Kingdom,2010-01-01,2099-12-31,True,2155
17669.0,United Kingdom,2010-01-01,2099-12-31,True,2156
16142.0,United Kingdom,2010-01-01,2099-12-31,True,2157
17648.0,United Kingdom,2010-01-01,2099-12-31,True,2158
13059.0,United Kingdom,2010-01-01,2099-12-31,True,2159
16224.0,United Kingdom,2010-01-01,2099-12-31,True,2160
15223.0,United Kingdom,2010-01-01,2099-12-31,True,2161
17886.0,United Kingdom,2010-01-01,2099-12-31,True,2162
13294.0,United Kingdom,2010-01-01,2099-12-31,True,2163
15289.0,United Kingdom,2010-01-01,2099-12-31,True,2164
18185.0,United Kingdom,2010-01-01,2099-12-31,True,2165
17956.0,United Kingdom,2010-01-01,2099-12-31,True,2166
15756.0,United Kingdom,2010-01-01,2099-12-31,True,2167
14747.0,United Kingdom,2010-01-01,2099-12-31,True,2168
14719.0,United Kingdom,2010-01-01,2099-12-31,True,2169
13015.0,United Kingdom,2010-01-01,2099-12-31,True,2170
16586.0,United Kingdom,2010-01-01,2099-12-31,True,2171
16105.0,United Kingdom,2010-01-01,2099-12-31,True,2172
15442.0,United Kingdom,2010-01-01,2099-12-31,True,2173
16906.0,United Kingdom,2010-01-01,2099-12-31,True,2174
14546.0,United Kingdom,2010-01-01,2099-12-31,True,2175
14535.0,United Kingdom,2010-01-01,2099-12-31,True,2176
16170.0,United Kingdom,2010-01-01,2099-12-31,True,2177
15244.0,United Kingdom,2010-01-01,2099-12-31,True,2178
16696.0,United Kingdom,2010-01-01,2099-12-31,True,2179
15145.0,United Kingdom,2010-01-01,2099-12-31,True,2180
17492.0,United Kingdom,2010-01-01,2099-12-31,True,2181
13525.0,United Kingdom,2010-01-01,2099-12-31,True,2182
17409.0,United Kingdom,2010-01-01,2099-12-31,True,2183
17783.0,United Kingdom,2010-01-01,2099-12-31,True,2184
13863.0,United Kingdom,2010-01-01,2099-12-31,True,2185
13515.0,United Kingdom,2010-01-01,2099-12-31,True,2186
15917.0,United Kingdom,2010-01-01,2099-12-31,True,2187
17440.0,United Kingdom,2010-01-01,2099-12-31,True,2188
17045.0,United Kingdom,2010-01-01,2099-12-31,True,2189
17140.0,United Kingdom,2010-01-01,2099-12-31,True,2190
15201.0,United Kingdom,2010-01-01,2099-12-31,True,2191
14964.0,United Kingdom,2010-01-01,2099-12-31,True,2192
16031.0,United Kingdom,2010-01-01,2099-12-31,True,2193
14403.0,United Kingdom,2010-01-01,2099-12-31,True,2194
17042.0,United Kingdom,2010-01-01,2099-12-31,True,2195
13771.0,United Kingdom,2010-01-01,2099-12-31,True,2196
17906.0,United Kingdom,2010-01-01,2099-12-31,True,2197
18272.0,United Kingdom,2010-01-01,2099-12-31,True,2198
16144.0,United Kingdom,2010-01-01,2099-12-31,True,2199
13731.0,United Kingdom,2010-01-01,2099-12-31,True,2200
12580.0,Germany,2010-01-01,2099-12-31,True,2201
14912.0,Italy,2010-01-01,2099-12-31,True,2202
15530.0,United Kingdom,2010-01-01,2099-12-31,True,2203
13950.0,United Kingdom,2010-01-01,2099-12-31,True,2204
13752.0,United Kingdom,2010-01-01,2099-12-31,True,2205
13892.0,United Kingdom,2010-01-01,2099-12-31,True,2206
14446.0,United Kingdom,2010-01-01,2099-12-31,True,2207
16209.0,United Kingdom,2010-01-01,2099-12-31,True,2208
15754.0,United Kingdom,2010-01-01,2099-12-31,True,2209
13712.0,United Kingdom,2010-01-01,2099-12-31,True,2210
15800.0,United Kingdom,2010-01-01,2099-12-31,True,2211
16469.0,United Kingdom,2010-01-01,2099-12-31,True,2212
13005.0,United Kingdom,2010-01-01,2099-12-31,True,2213
14981.0,United Kingdom,2010-01-01,2099-12-31,True,2214
17928.0,United Kingdom,2010-01-01,2099-12-31,True,2215
16261.0,United Kingdom,2010-01-01,2099-12-31,True,2216
17883.0,United Kingdom,2010-01-01,2099-12-31,True,2217
14619.0,United Kingdom,2010-01-01,2099-12-31,True,2218
13995.0,United Kingdom,2010-01-01,2099-12-31,True,2219
16643.0,United Kingdom,2010-01-01,2099-12-31,True,2220
14246.0,United Kingdom,2010-01-01,2099-12-31,True,2221
18040.0,United Kingdom,2010-01-01,2099-12-31,True,2222
16837.0,United Kingdom,2010-01-01,2099-12-31,True,2223
15119.0,United Kingdom,2010-01-01,2099-12-31,True,2224
16325.0,United Kingdom,2010-01-01,2099-12-31,True,2225
14924.0,United Kingdom,2010-01-01,2099-12-31,True,2226
15109.0,United Kingdom,2010-01-01,2099-12-31,True,2227
16623.0,United Kingdom,2010-01-01,2099-12-31,True,2228
12999.0,United Kingdom,2010-01-01,2099-12-31,True,2229
12717.0,Greece,2010-01-01,2099-12-31,True,2230
13962.0,United Kingdom,2010-01-01,2099-12-31,True,2231
18036.0,United Kingdom,2010-01-01,2099-12-31,True,2232
14958.0,United Kingdom,2010-01-01,2099-12-31,True,2233
14264.0,United Kingdom,2010-01-01,2099-12-31,True,2234
13562.0,United Kingdom,2010-01-01,2099-12-31,True,2235
15775.0,United Kingdom,2010-01-01,2099-12-31,True,2236
17054.0,United Kingdom,2010-01-01,2099-12-31,True,2237
17268.0,United Kingdom,2010-01-01,2099-12-31,True,2238
13548.0,United Kingdom,2010-01-01,2099-12-31,True,2239
13508.0,United Kingdom,2010-01-01,2099-12-31,True,2240
12447.0,Belgium,2010-01-01,2099-12-31,True,2241
13570.0,United Kingdom,2010-01-01,2099-12-31,True,2242
13232.0,United Kingdom,2010-01-01,2099-12-31,True,2243
18129.0,United Kingdom,2010-01-01,2099-12-31,True,2244
13632.0,United Kingdom,2010-01-01,2099-12-31,True,2245
15665.0,United Kingdom,2010-01-01,2099-12-31,True,2246
17550.0,United Kingdom,2010-01-01,2099-12-31,True,2247
15655.0,United Kingdom,2010-01-01,2099-12-31,True,2248
14286.0,United Kingdom,2010-01-01,2099-12-31,True,2249
16188.0,United Kingdom,2010-01-01,2099-12-31,True,2250
15214.0,United Kingdom,2010-01-01,2099-12-31,True,2251
17574.0,United Kingdom,2010-01-01,2099-12-31,True,2252
15737.0,United Kingdom,2010-01-01,2099-12-31,True,2253
18080.0,United Kingdom,2010-01-01,2099-12-31,True,2254
14311.0,United Kingdom,2010-01-01,2099-12-31,True,2255
14339.0,United Kingdom,2010-01-01,2099-12-31,True,2256
12982.0,United Kingdom,2010-01-01,2099-12-31,True,2257
12701.0,Germany,2010-01-01,2099-12-31,True,2258
12596.0,Spain,2010-01-01,2099-12-31,True,2259
14273.0,United Kingdom,2010-01-01,2099-12-31,True,2260
12363.0,Unspecified,2010-01-01,2099-12-31,True,2261
13549.0,United Kingdom,2010-01-01,2099-12-31,True,2262
15414.0,United Kingdom,2010-01-01,2099-12-31,True,2263
13203.0,United Kingdom,2010-01-01,2099-12-31,True,2264
14628.0,United Kingdom,2010-01-01,2099-12-31,True,2265
14326.0,United Kingdom,2010-01-01,2099-12-31,True,2266
15935.0,United Kingdom,2010-01-01,2099-12-31,True,2267
13655.0,United Kingdom,2010-01-01,2099-12-31,True,2268
12910.0,United Kingdom,2010-01-01,2099-12-31,True,2269
13577.0,United Kingdom,2010-01-01,2099-12-31,True,2270
15251.0,United Kingdom,2010-01-01,2099-12-31,True,2271
14111.0,United Kingdom,2010-01-01,2099-12-31,True,2272
17160.0,United Kingdom,2010-01-01,2099-12-31,True,2273
16172.0,United Kingdom,2010-01-01,2099-12-31,True,2274
17972.0,United Kingdom,2010-01-01,2099-12-31,True,2275
12463.0,Belgium,2010-01-01,2099-12-31,True,2276
14844.0,United Kingdom,2010-01-01,2099-12-31,True,2277
17278.0,United Kingdom,2010-01-01,2099-12-31,True,2278
15212.0,United Kingdom,2010-01-01,2099-12-31,True,2279
16729.0,United Kingdom,2010-01-01,2099-12-31,True,2280
14998.0,United Kingdom,2010-01-01,2099-12-31,True,2281
13484.0,United Kingdom,2010-01-01,2099-12-31,True,2282
16697.0,United Kingdom,2010-01-01,2099-12-31,True,2283
14931.0,Channel Islands,2010-01-01,2099-12-31,True,2284
18236.0,United Kingdom,2010-01-01,2099-12-31,True,2285
13740.0,United Kingdom,2010-01-01,2099-12-31,True,2286
15230.0,United Kingdom,2010-01-01,2099-12-31,True,2287
15134.0,United Kingdom,2010-01-01,2099-12-31,True,2288
16309.0,United Kingdom,2010-01-01,2099-12-31,True,2289
13544.0,United Kingdom,2010-01-01,2099-12-31,True,2290
14262.0,United Kingdom,2010-01-01,2099-12-31,True,2291
13134.0,United Kingdom,2010-01-01,2099-12-31,True,2292
17589.0,United Kingdom,2010-01-01,2099-12-31,True,2293
16097.0,United Kingdom,2010-01-01,2099-12-31,True,2294
13122.0,United Kingdom,2010-01-01,2099-12-31,True,2295
16966.0,United Kingdom,2010-01-01,2099-12-31,True,2296
17746.0,United Kingdom,2010-01-01,2099-12-31,True,2297
16175.0,United Kingdom,2010-01-01,2099-12-31,True,2298
14834.0,United Kingdom,2010-01-01,2099-12-31,True,2299
16348.0,United Kingdom,2010-01-01,2099-12-31,True,2300
15147.0,United Kingdom,2010-01-01,2099-12-31,True,2301
16131.0,United Kingdom,2010-01-01,2099-12-31,True,2302
15813.0,United Kingdom,2010-01-01,2099-12-31,True,2303
17058.0,United Kingdom,2010-01-01,2099-12-31,True,2304
17704.0,United Kingdom,2010-01-01,2099-12-31,True,2305
13772.0,United Kingdom,2010-01-01,2099-12-31,True,2306
16933.0,United Kingdom,2010-01-01,2099-12-31,True,2307
16249.0,United Kingdom,2010-01-01,2099-12-31,True,2308
14198.0,United Kingdom,2010-01-01,2099-12-31,True,2309
13989.0,United Kingdom,2010-01-01,2099-12-31,True,2310
17930.0,United Kingdom,2010-01-01,2099-12-31,True,2311
14154.0,United Kingdom,2010-01-01,2099-12-31,True,2312
14206.0,United Kingdom,2010-01-01,2099-12-31,True,2313
14482.0,United Kingdom,2010-01-01,2099-12-31,True,2314
14163.0,United Kingdom,2010-01-01,2099-12-31,True,2315
14105.0,United Kingdom,2010-01-01,2099-12-31,True,2316
17601.0,United Kingdom,2010-01-01,2099-12-31,True,2317
17142.0,United Kingdom,2010-01-01,2099-12-31,True,2318
13811.0,Germany,2010-01-01,2099-12-31,True,2319
12457.0,Switzerland,2010-01-01,2099-12-31,True,2320
15135.0,United Kingdom,2010-01-01,2099-12-31,True,2321
16806.0,United Kingdom,2010-01-01,2099-12-31,True,2322
13952.0,United Kingdom,2010-01-01,2099-12-31,True,2323
13120.0,United Kingdom,2010-01-01,2099-12-31,True,2324
12769.0,Brazil,2010-01-01,2099-12-31,True,2325
13516.0,United Kingdom,2010-01-01,2099-12-31,True,2326
14323.0,United Kingdom,2010-01-01,2099-12-31,True,2327
18079.0,United Kingdom,2010-01-01,2099-12-31,True,2328
12639.0,Sweden,2010-01-01,2099-12-31,True,2329
14700.0,United Kingdom,2010-01-01,2099-12-31,True,2330
15027.0,United Kingdom,2010-01-01,2099-12-31,True,2331
17367.0,United Kingdom,2010-01-01,2099-12-31,True,2332
18213.0,United Kingdom,2010-01-01,2099-12-31,True,2333
17029.0,United Kingdom,2010-01-01,2099-12-31,True,2334
13220.0,United Kingdom,2010-01-01,2099-12-31,True,2335
15985.0,United Kingdom,2010-01-01,2099-12-31,True,2336
16193.0,United Kingdom,2010-01-01,2099-12-31,True,2337
15172.0,United Kingdom,2010-01-01,2099-12-31,True,2338
13692.0,United Kingdom,2010-01-01,2099-12-31,True,2339
15745.0,United Kingdom,2010-01-01,2099-12-31,True,2340
17582.0,United Kingdom,2010-01-01,2099-12-31,True,2341
13474.0,United Kingdom,2010-01-01,2099-12-31,True,2342
17697.0,United Kingdom,2010-01-01,2099-12-31,True,2343
16639.0,United Kingdom,2010-01-01,2099-12-31,True,2344
16947.0,United Kingdom,2010-01-01,2099-12-31,True,2345
15491.0,United Kingdom,2010-01-01,2099-12-31,True,2346
16617.0,United Kingdom,2010-01-01,2099-12-31,True,2347
15265.0,United Kingdom,2010-01-01,2099-12-31,True,2348
16226.0,United Kingdom,2010-01-01,2099-12-31,True,2349
18009.0,United Kingdom,2010-01-01,2099-12-31,True,2350
16399.0,United Kingdom,2010-01-01,2099-12-31,True,2351
14623.0,United Kingdom,2010-01-01,2099-12-31,True,2352
15625.0,United Kingdom,2010-01-01,2099-12-31,True,2353
18064.0,United Kingdom,2010-01-01,2099-12-31,True,2354
15508.0,United Kingdom,2010-01-01,2099-12-31,True,2355
16628.0,United Kingdom,2010-01-01,2099-12-31,True,2356
13647.0,United Kingdom,2010-01-01,2099-12-31,True,2357
15594.0,United Kingdom,2010-01-01,2099-12-31,True,2358
13479.0,United Kingdom,2010-01-01,2099-12-31,True,2359
13376.0,United Kingdom,2010-01-01,2099-12-31,True,2360
15717.0,United Kingdom,2010-01-01,2099-12-31,True,2361
13735.0,United Kingdom,2010-01-01,2099-12-31,True,2362
13719.0,United Kingdom,2010-01-01,2099-12-31,True,2363
16633.0,United Kingdom,2010-01-01,2099-12-31,True,2364
13101.0,United Kingdom,2010-01-01,2099-12-31,True,2365
15225.0,United Kingdom,2010-01-01,2099-12-31,True,2366
14152.0,United Kingdom,2010-01-01,2099-12-31,True,2367
12733.0,USA,2010-01-01,2099-12-31,True,2368
15436.0,United Kingdom,2010-01-01,2099-12-31,True,2369
17217.0,United Kingdom,2010-01-01,2099-12-31,True,2370
12656.0,France,2010-01-01,2099-12-31,True,2371
17734.0,United Kingdom,2010-01-01,2099-12-31,True,2372
14905.0,United Kingdom,2010-01-01,2099-12-31,True,2373
17548.0,United Kingdom,2010-01-01,2099-12-31,True,2374
14148.0,United Kingdom,2010-01-01,2099-12-31,True,2375
16103.0,United Kingdom,2010-01-01,2099-12-31,True,2376
14626.0,United Kingdom,2010-01-01,2099-12-31,True,2377
14868.0,United Kingdom,2010-01-01,2099-12-31,True,2378
18246.0,United Kingdom,2010-01-01,2099-12-31,True,2379
13485.0,United Kingdom,2010-01-01,2099-12-31,True,2380
15517.0,United Kingdom,2010-01-01,2099-12-31,True,2381
17115.0,United Kingdom,2010-01-01,2099-12-31,True,2382
17120.0,United Kingdom,2010-01-01,2099-12-31,True,2383
15912.0,United Kingdom,2010-01-01,2099-12-31,True,2384
12506.0,France,2010-01-01,2099-12-31,True,2385
12670.0,France,2010-01-01,2099-12-31,True,2386
17588.0,United Kingdom,2010-01-01,2099-12-31,True,2387
14759.0,United Kingdom,2010-01-01,2099-12-31,True,2388
16185.0,United Kingdom,2010-01-01,2099-12-31,True,2389
13505.0,Switzerland,2010-01-01,2099-12-31,True,2390
13389.0,United Kingdom,2010-01-01,2099-12-31,True,2391
12354.0,Spain,2010-01-01,2099-12-31,True,2392
17631.0,United Kingdom,2010-01-01,2099-12-31,True,2393
17061.0,United Kingdom,2010-01-01,2099-12-31,True,2394
17718.0,United Kingdom,2010-01-01,2099-12-31,True,2395
17630.0,United Kingdom,2010-01-01,2099-12-31,True,2396
13223.0,United Kingdom,2010-01-01,2099-12-31,True,2397
16146.0,United Kingdom,2010-01-01,2099-12-31,True,2398
17109.0,United Kingdom,2010-01-01,2099-12-31,True,2399
16587.0,United Kingdom,2010-01-01,2099-12-31,True,2400
12622.0,Germany,2010-01-01,2099-12-31,True,2401
16750.0,United Kingdom,2010-01-01,2099-12-31,True,2402
13482.0,United Kingdom,2010-01-01,2099-12-31,True,2403
14512.0,United Kingdom,2010-01-01,2099-12-31,True,2404
17670.0,United Kingdom,2010-01-01,2099-12-31,True,2405
16834.0,United Kingdom,2010-01-01,2099-12-31,True,2406
15108.0,European Community,2010-01-01,2099-12-31,True,2407
12429.0,Austria,2010-01-01,2099-12-31,True,2408
16942.0,United Kingdom,2010-01-01,2099-12-31,True,2409
14640.0,United Kingdom,2010-01-01,2099-12-31,True,2410
16823.0,United Kingdom,2010-01-01,2099-12-31,True,2411
15237.0,United Kingdom,2010-01-01,2099-12-31,True,2412
12573.0,France,2010-01-01,2099-12-31,True,2413
17854.0,United Kingdom,2010-01-01,2099-12-31,True,2414
18220.0,United Kingdom,2010-01-01,2099-12-31,True,2415
17436.0,United Kingdom,2010-01-01,2099-12-31,True,2416
16965.0,United Kingdom,2010-01-01,2099-12-31,True,2417
12840.0,United Kingdom,2010-01-01,2099-12-31,True,2418
15891.0,United Kingdom,2010-01-01,2099-12-31,True,2419
17187.0,United Kingdom,2010-01-01,2099-12-31,True,2420
13637.0,United Kingdom,2010-01-01,2099-12-31,True,2421
17991.0,United Kingdom,2010-01-01,2099-12-31,True,2422
16418.0,United Kingdom,2010-01-01,2099-12-31,True,2423
16099.0,United Kingdom,2010-01-01,2099-12-31,True,2424
15768.0,United Kingdom,2010-01-01,2099-12-31,True,2425
16637.0,United Kingdom,2010-01-01,2099-12-31,True,2426
14240.0,United Kingdom,2010-01-01,2099-12-31,True,2427
15143.0,United Kingdom,2010-01-01,2099-12-31,True,2428
13229.0,United Kingdom,2010-01-01,2099-12-31,True,2429
14973.0,United Kingdom,2010-01-01,2099-12-31,True,2430
14271.0,United Kingdom,2010-01-01,2099-12-31,True,2431
15952.0,United Kingdom,2010-01-01,2099-12-31,True,2432
12417.0,Spain,2010-01-01,2099-12-31,True,2433
16227.0,United Kingdom,2010-01-01,2099-12-31,True,2434
17893.0,United Kingdom,2010-01-01,2099-12-31,True,2435
14022.0,United Kingdom,2010-01-01,2099-12-31,True,2436
15210.0,United Kingdom,2010-01-01,2099-12-31,True,2437
16370.0,United Kingdom,2010-01-01,2099-12-31,True,2438
14304.0,United Kingdom,2010-01-01,2099-12-31,True,2439
15376.0,United Kingdom,2010-01-01,2099-12-31,True,2440
14655.0,United Kingdom,2010-01-01,2099-12-31,True,2441
17615.0,United Kingdom,2010-01-01,2099-12-31,True,2442
16055.0,United Kingdom,2010-01-01,2099-12-31,True,2443
14149.0,United Kingdom,2010-01-01,2099-12-31,True,2444
17501.0,United Kingdom,2010-01-01,2099-12-31,True,2445
14191.0,United Kingdom,2010-01-01,2099-12-31,True,2446
13282.0,United Kingdom,2010-01-01,2099-12-31,True,2447
15582.0,United Kingdom,2010-01-01,2099-12-31,True,2448
16230.0,United Kingdom,2010-01-01,2099-12-31,True,2449
18146.0,United Kingdom,2010-01-01,2099-12-31,True,2450
15976.0,United Kingdom,2010-01-01,2099-12-31,True,2451
17443.0,Canada,2010-01-01,2099-12-31,True,2452
12886.0,United Kingdom,2010-01-01,2099-12-31,True,2453
17974.0,United Kingdom,2010-01-01,2099-12-31,True,2454
13524.0,United Kingdom,2010-01-01,2099-12-31,True,2455
17955.0,United Kingdom,2010-01-01,2099-12-31,True,2456
15128.0,United Kingdom,2010-01-01,2099-12-31,True,2457
16610.0,United Kingdom,2010-01-01,2099-12-31,True,2458
17394.0,United Kingdom,2010-01-01,2099-12-31,True,2459
16094.0,United Kingdom,2010-01-01,2099-12-31,True,2460
14173.0,United Kingdom,2010-01-01,2099-12-31,True,2461
16258.0,United Kingdom,2010-01-01,2099-12-31,True,2462
14948.0,United Kingdom,2010-01-01,2099-12-31,True,2463
17384.0,United Kingdom,2010-01-01,2099-12-31,True,2464
16990.0,United Kingdom,2010-01-01,2099-12-31,True,2465
13762.0,United Kingdom,2010-01-01,2099-12-31,True,2466
12593.0,France,2010-01-01,2099-12-31,True,2467
14340.0,United Kingdom,2010-01-01,2099-12-31,True,2468
17429.0,United Kingdom,2010-01-01,2099-12-31,True,2469
13711.0,United Kingdom,2010-01-01,2099-12-31,True,2470
14515.0,United Kingdom,2010-01-01,2099-12-31,True,2471
16457.0,United Kingdom,2010-01-01,2099-12-31,True,2472
17527.0,United Kingdom,2010-01-01,2099-12-31,True,2473
14199.0,United Kingdom,2010-01-01,2099-12-31,True,2474
13888.0,United Kingdom,2010-01-01,2099-12-31,True,2475
14423.0,United Kingdom,2010-01-01,2099-12-31,True,2476
14697.0,United Kingdom,2010-01-01,2099-12-31,True,2477
17522.0,United Kingdom,2010-01-01,2099-12-31,True,2478
13867.0,United Kingdom,2010-01-01,2099-12-31,True,2479
17624.0,United Kingdom,2010-01-01,2099-12-31,True,2480
14393.0,United Kingdom,2010-01-01,2099-12-31,True,2481
17578.0,United Kingdom,2010-01-01,2099-12-31,True,2482
13450.0,United Kingdom,2010-01-01,2099-12-31,True,2483
17423.0,United Kingdom,2010-01-01,2099-12-31,True,2484
18241.0,United Kingdom,2010-01-01,2099-12-31,True,2485
15668.0,United Kingdom,2010-01-01,2099-12-31,True,2486
16319.0,United Kingdom,2010-01-01,2099-12-31,True,2487
15757.0,United Kingdom,2010-01-01,2099-12-31,True,2488
17174.0,United Kingdom,2010-01-01,2099-12-31,True,2489
13365.0,United Kingdom,2010-01-01,2099-12-31,True,2490
18227.0,United Kingdom,2010-01-01,2099-12-31,True,2491
14145.0,United Kingdom,2010-01-01,2099-12-31,True,2492
18235.0,United Kingdom,2010-01-01,2099-12-31,True,2493
13741.0,United Kingdom,2010-01-01,2099-12-31,True,2494
12394.0,Belgium,2010-01-01,2099-12-31,True,2495
16832.0,United Kingdom,2010-01-01,2099-12-31,True,2496
15258.0,United Kingdom,2010-01-01,2099-12-31,True,2497
15552.0,United Kingdom,2010-01-01,2099-12-31,True,2498
18170.0,United Kingdom,2010-01-01,2099-12-31,True,2499
13723.0,United Kingdom,2010-01-01,2099-12-31,True,2500
14005.0,United Kingdom,2010-01-01,2099-12-31,True,2501
15561.0,United Kingdom,2010-01-01,2099-12-31,True,2502
16121.0,United Kingdom,2010-01-01,2099-12-31,True,2503
18142.0,United Kingdom,2010-01-01,2099-12-31,True,2504
13642.0,United Kingdom,2010-01-01,2099-12-31,True,2505
15117.0,United Kingdom,2010-01-01,2099-12-31,True,2506
13561.0,United Kingdom,2010-01-01,2099-12-31,True,2507
15704.0,United Kingdom,2010-01-01,2099-12-31,True,2508
16007.0,United Kingdom,2010-01-01,2099-12-31,True,2509
16232.0,United Kingdom,2010-01-01,2099-12-31,True,2510
17410.0,United Kingdom,2010-01-01,2099-12-31,True,2511
13835.0,United Kingdom,2010-01-01,2099-12-31,True,2512
13427.0,United Kingdom,2010-01-01,2099-12-31,True,2513
14353.0,United Kingdom,2010-01-01,2099-12-31,True,2514
12700.0,France,2010-01-01,2099-12-31,True,2515
13003.0,United Kingdom,2010-01-01,2099-12-31,True,2516
16756.0,United Kingdom,2010-01-01,2099-12-31,True,2517
13492.0,Switzerland,2010-01-01,2099-12-31,True,2518
16440.0,United Kingdom,2010-01-01,2099-12-31,True,2519
18120.0,United Kingdom,2010-01-01,2099-12-31,True,2520
12355.0,Bahrain,2010-01-01,2099-12-31,True,2521
17723.0,United Kingdom,2010-01-01,2099-12-31,True,2522
14699.0,United Kingdom,2010-01-01,2099-12-31,True,2523
12821.0,United Kingdom,2010-01-01,2099-12-31,True,2524
13055.0,United Kingdom,2010-01-01,2099-12-31,True,2525
13320.0,United Kingdom,2010-01-01,2099-12-31,True,2526
16357.0,United Kingdom,2010-01-01,2099-12-31,True,2527
18242.0,United Kingdom,2010-01-01,2099-12-31,True,2528
15865.0,United Kingdom,2010-01-01,2099-12-31,True,2529
17597.0,United Kingdom,2010-01-01,2099-12-31,True,2530
14397.0,United Kingdom,2010-01-01,2099-12-31,True,2531
13242.0,United Kingdom,2010-01-01,2099-12-31,True,2532
12684.0,France,2010-01-01,2099-12-31,True,2533
14288.0,United Kingdom,2010-01-01,2099-12-31,True,2534
15063.0,United Kingdom,2010-01-01,2099-12-31,True,2535
12592.0,Germany,2010-01-01,2099-12-31,True,2536
14591.0,United Kingdom,2010-01-01,2099-12-31,True,2537
13990.0,United Kingdom,2010-01-01,2099-12-31,True,2538
12749.0,United Kingdom,2010-01-01,2099-12-31,True,2539
16320.0,Unspecified,2010-01-01,2099-12-31,True,2540
14691.0,United Kingdom,2010-01-01,2099-12-31,True,2541
16229.0,United Kingdom,2010-01-01,2099-12-31,True,2542
14920.0,United Kingdom,2010-01-01,2099-12-31,True,2543
17489.0,United Kingdom,2010-01-01,2099-12-31,True,2544
13404.0,United Kingdom,2010-01-01,2099-12-31,True,2545
15729.0,United Kingdom,2010-01-01,2099-12-31,True,2546
13136.0,United Kingdom,2010-01-01,2099-12-31,True,2547
16644.0,United Kingdom,2010-01-01,2099-12-31,True,2548
14731.0,United Kingdom,2010-01-01,2099-12-31,True,2549
14277.0,France,2010-01-01,2099-12-31,True,2550
15187.0,United Kingdom,2010-01-01,2099-12-31,True,2551
13052.0,United Kingdom,2010-01-01,2099-12-31,True,2552
18133.0,United Kingdom,2010-01-01,2099-12-31,True,2553
17664.0,United Kingdom,2010-01-01,2099-12-31,True,2554
14649.0,United Kingdom,2010-01-01,2099-12-31,True,2555
12649.0,Germany,2010-01-01,2099-12-31,True,2556
13235.0,United Kingdom,2010-01-01,2099-12-31,True,2557
14883.0,United Kingdom,2010-01-01,2099-12-31,True,2558
12976.0,United Kingdom,2010-01-01,2099-12-31,True,2559
14681.0,United Kingdom,2010-01-01,2099-12-31,True,2560
14421.0,United Kingdom,2010-01-01,2099-12-31,True,2561
16116.0,United Kingdom,2010-01-01,2099-12-31,True,2562
14988.0,United Kingdom,2010-01-01,2099-12-31,True,2563
15489.0,United Kingdom,2010-01-01,2099-12-31,True,2564
14364.0,United Kingdom,2010-01-01,2099-12-31,True,2565
16006.0,United Kingdom,2010-01-01,2099-12-31,True,2566
16184.0,United Kingdom,2010-01-01,2099-12-31,True,2567
17932.0,United Kingdom,2010-01-01,2099-12-31,True,2568
18221.0,United Kingdom,2010-01-01,2099-12-31,True,2569
12590.0,Germany,2010-01-01,2099-12-31,True,2570
14853.0,United Kingdom,2010-01-01,2099-12-31,True,2571
17658.0,United Kingdom,2010-01-01,2099-12-31,True,2572
17764.0,United Kingdom,2010-01-01,2099-12-31,True,2573
14651.0,United Kingdom,2010-01-01,2099-12-31,True,2574
14000.0,United Kingdom,2010-01-01,2099-12-31,True,2575
13601.0,United Kingdom,2010-01-01,2099-12-31,True,2576
12757.0,Portugal,2010-01-01,2099-12-31,True,2577
17970.0,United Kingdom,2010-01-01,2099-12-31,True,2578
12770.0,Japan,2010-01-01,2099-12-31,True,2579
15826.0,United Kingdom,2010-01-01,2099-12-31,True,2580
15907.0,United Kingdom,2010-01-01,2099-12-31,True,2581
12695.0,France,2010-01-01,2099-12-31,True,2582
14342.0,United Kingdom,2010-01-01,2099-12-31,True,2583
14873.0,United Kingdom,2010-01-01,2099-12-31,True,2584
14689.0,United Kingdom,2010-01-01,2099-12-31,True,2585
15440.0,United Kingdom,2010-01-01,2099-12-31,True,2586
16076.0,United Kingdom,2010-01-01,2099-12-31,True,2587
15333.0,United Kingdom,2010-01-01,2099-12-31,True,2588
16283.0,United Kingdom,2010-01-01,2099-12-31,True,2589
17263.0,United Kingdom,2010-01-01,2099-12-31,True,2590
16877.0,United Kingdom,2010-01-01,2099-12-31,True,2591
12674.0,France,2010-01-01,2099-12-31,True,2592
16642.0,United Kingdom,2010-01-01,2099-12-31,True,2593
12871.0,United Kingdom,2010-01-01,2099-12-31,True,2594
14038.0,United Kingdom,2010-01-01,2099-12-31,True,2595
14489.0,United Kingdom,2010-01-01,2099-12-31,True,2596
14888.0,United Kingdom,2010-01-01,2099-12-31,True,2597
17190.0,United Kingdom,2010-01-01,2099-12-31,True,2598
13456.0,United Kingdom,2010-01-01,2099-12-31,True,2599
17898.0,United Kingdom,2010-01-01,2099-12-31,True,2600
13976.0,United Kingdom,2010-01-01,2099-12-31,True,2601
16139.0,United Kingdom,2010-01-01,2099-12-31,True,2602
15730.0,United Kingdom,2010-01-01,2099-12-31,True,2603
16266.0,United Kingdom,2010-01-01,2099-12-31,True,2604
15123.0,United Kingdom,2010-01-01,2099-12-31,True,2605
17702.0,United Kingdom,2010-01-01,2099-12-31,True,2606
17505.0,United Kingdom,2010-01-01,2099-12-31,True,2607
12690.0,France,2010-01-01,2099-12-31,True,2608
16446.0,United Kingdom,2010-01-01,2099-12-31,True,2609
17556.0,United Kingdom,2010-01-01,2099-12-31,True,2610
14583.0,United Kingdom,2010-01-01,2099-12-31,True,2611
16818.0,United Kingdom,2010-01-01,2099-12-31,True,2612
13572.0,United Kingdom,2010-01-01,2099-12-31,True,2613
14009.0,United Kingdom,2010-01-01,2099-12-31,True,2614
13258.0,United Kingdom,2010-01-01,2099-12-31,True,2615
14463.0,United Kingdom,2010-01-01,2099-12-31,True,2616
13192.0,United Kingdom,2010-01-01,2099-12-31,True,2617
16987.0,United Kingdom,2010-01-01,2099-12-31,True,2618
13417.0,United Kingdom,2010-01-01,2099-12-31,True,2619
17047.0,United Kingdom,2010-01-01,2099-12-31,True,2620
15116.0,United Kingdom,2010-01-01,2099-12-31,True,2621
17469.0,United Kingdom,2010-01-01,2099-12-31,True,2622
16647.0,United Kingdom,2010-01-01,2099-12-31,True,2623
15630.0,United Kingdom,2010-01-01,2099-12-31,True,2624
17245.0,United Kingdom,2010-01-01,2099-12-31,True,2625
16008.0,United Kingdom,2010-01-01,2099-12-31,True,2626
17871.0,United Kingdom,2010-01-01,2099-12-31,True,2627
13529.0,United Kingdom,2010-01-01,2099-12-31,True,2628
12620.0,France,2010-01-01,2099-12-31,True,2629
15599.0,United Kingdom,2010-01-01,2099-12-31,True,2630
16813.0,United Kingdom,2010-01-01,2099-12-31,True,2631
14859.0,United Kingdom,2010-01-01,2099-12-31,True,2632
16463.0,United Kingdom,2010-01-01,2099-12-31,True,2633
15791.0,United Kingdom,2010-01-01,2099-12-31,True,2634
13658.0,United Kingdom,2010-01-01,2099-12-31,True,2635
13887.0,United Kingdom,2010-01-01,2099-12-31,True,2636
12353.0,Bahrain,2010-01-01,2099-12-31,True,2637
14551.0,United Kingdom,2010-01-01,2099-12-31,True,2638
17166.0,United Kingdom,2010-01-01,2099-12-31,True,2639
17926.0,United Kingdom,2010-01-01,2099-12-31,True,2640
13391.0,United Kingdom,2010-01-01,2099-12-31,True,2641
17455.0,United Kingdom,2010-01-01,2099-12-31,True,2642
13308.0,United Kingdom,2010-01-01,2099-12-31,True,2643
13856.0,United Kingdom,2010-01-01,2099-12-31,True,2644
13243.0,United Kingdom,2010-01-01,2099-12-31,True,2645
15095.0,United Kingdom,2010-01-01,2099-12-31,True,2646
18048.0,United Kingdom,2010-01-01,2099-12-31,True,2647
18287.0,United Kingdom,2010-01-01,2099-12-31,True,2648
18150.0,United Kingdom,2010-01-01,2099-12-31,True,2649
16690.0,United Kingdom,2010-01-01,2099-12-31,True,2650
13555.0,United Kingdom,2010-01-01,2099-12-31,True,2651
16038.0,United Kingdom,2010-01-01,2099-12-31,True,2652
13972.0,United Kingdom,2010-01-01,2099-12-31,True,2653
13227.0,United Kingdom,2010-01-01,2099-12-31,True,2654
13657.0,United Kingdom,2010-01-01,2099-12-31,True,2655
17176.0,United Kingdom,2010-01-01,2099-12-31,True,2656
14837.0,United Kingdom,2010-01-01,2099-12-31,True,2657
14682.0,United Kingdom,2010-01-01,2099-12-31,True,2658
14921.0,United Kingdom,2010-01-01,2099-12-31,True,2659
16341.0,United Kingdom,2010-01-01,2099-12-31,True,2660
14647.0,United Kingdom,2010-01-01,2099-12-31,True,2661
12710.0,Germany,2010-01-01,2099-12-31,True,2662
15292.0,United Kingdom,2010-01-01,2099-12-31,True,2663
15705.0,United Kingdom,2010-01-01,2099-12-31,True,2664
13339.0,United Kingdom,2010-01-01,2099-12-31,True,2665
13885.0,United Kingdom,2010-01-01,2099-12-31,True,2666
12360.0,Austria,2010-01-01,2099-12-31,True,2667
13546.0,United Kingdom,2010-01-01,2099-12-31,True,2668
17715.0,United Kingdom,2010-01-01,2099-12-31,True,2669
18160.0,United Kingdom,2010-01-01,2099-12-31,True,2670
15434.0,United Kingdom,2010-01-01,2099-12-31,True,2671
15734.0,United Kingdom,2010-01-01,2099-12-31,True,2672
13737.0,United Kingdom,2010-01-01,2099-12-31,True,2673
13213.0,United Kingdom,2010-01-01,2099-12-31,True,2674
18018.0,United Kingdom,2010-01-01,2099-12-31,True,2675
15314.0,United Kingdom,2010-01-01,2099-12-31,True,2676
17521.0,United Kingdom,2010-01-01,2099-12-31,True,2677
15042.0,United Kingdom,2010-01-01,2099-12-31,True,2678
16091.0,United Kingdom,2010-01-01,2099-12-31,True,2679
15804.0,United Kingdom,2010-01-01,2099-12-31,True,2680
14593.0,United Kingdom,2010-01-01,2099-12-31,True,2681
14287.0,United Kingdom,2010-01-01,2099-12-31,True,2682
16763.0,United Kingdom,2010-01-01,2099-12-31,True,2683
14705.0,United Kingdom,2010-01-01,2099-12-31,True,2684
12562.0,France,2010-01-01,2099-12-31,True,2685
12815.0,Poland,2010-01-01,2099-12-31,True,2686
14522.0,United Kingdom,2010-01-01,2099-12-31,True,2687
16448.0,United Kingdom,2010-01-01,2099-12-31,True,2688
14584.0,United Kingdom,2010-01-01,2099-12-31,True,2689
12974.0,United Kingdom,2010-01-01,2099-12-31,True,2690
12987.0,United Kingdom,2010-01-01,2099-12-31,True,2691
14816.0,United Kingdom,2010-01-01,2099-12-31,True,2692
15852.0,United Kingdom,2010-01-01,2099-12-31,True,2693
16624.0,United Kingdom,2010-01-01,2099-12-31,True,2694
12493.0,France,2010-01-01,2099-12-31,True,2695
18232.0,United Kingdom,2010-01-01,2099-12-31,True,2696
18073.0,United Kingdom,2010-01-01,2099-12-31,True,2697
16369.0,United Kingdom,2010-01-01,2099-12-31,True,2698
14280.0,United Kingdom,2010-01-01,2099-12-31,True,2699
13135.0,United Kingdom,2010-01-01,2099-12-31,True,2700
17345.0,United Kingdom,2010-01-01,2099-12-31,True,2701
16275.0,United Kingdom,2010-01-01,2099-12-31,True,2702
14338.0,United Kingdom,2010-01-01,2099-12-31,True,2703
15402.0,United Kingdom,2010-01-01,2099-12-31,True,2704
12876.0,Belgium,2010-01-01,2099-12-31,True,2705
16323.0,United Kingdom,2010-01-01,2099-12-31,True,2706
12426.0,Germany,2010-01-01,2099-12-31,True,2707
14451.0,United Kingdom,2010-01-01,2099-12-31,True,2708
14823.0,United Kingdom,2010-01-01,2099-12-31,True,2709
15897.0,United Kingdom,2010-01-01,2099-12-31,True,2710
17051.0,United Kingdom,2010-01-01,2099-12-31,True,2711
15925.0,United Kingdom,2010-01-01,2099-12-31,True,2712
12787.0,Netherlands,2010-01-01,2099-12-31,True,2713
15863.0,United Kingdom,2010-01-01,2099-12-31,True,2714
16483.0,United Kingdom,2010-01-01,2099-12-31,True,2715
13398.0,United Kingdom,2010-01-01,2099-12-31,True,2716
13070.0,United Kingdom,2010-01-01,2099-12-31,True,2717
14819.0,United Kingdom,2010-01-01,2099-12-31,True,2718
12790.0,Netherlands,2010-01-01,2099-12-31,True,2719
15163.0,United Kingdom,2010-01-01,2099-12-31,True,2720
18204.0,United Kingdom,2010-01-01,2099-12-31,True,2721
16810.0,United Kingdom,2010-01-01,2099-12-31,True,2722
15124.0,United Kingdom,2010-01-01,2099-12-31,True,2723
12473.0,Germany,2010-01-01,2099-12-31,True,2724
16969.0,United Kingdom,2010-01-01,2099-12-31,True,2725
14597.0,United Kingdom,2010-01-01,2099-12-31,True,2726
13917.0,United Kingdom,2010-01-01,2099-12-31,True,2727
16424.0,United Kingdom,2010-01-01,2099-12-31,True,2728
13062.0,United Kingdom,2010-01-01,2099-12-31,True,2729
16484.0,United Kingdom,2010-01-01,2099-12-31,True,2730
14389.0,United Kingdom,2010-01-01,2099-12-31,True,2731
15184.0,United Kingdom,2010-01-01,2099-12-31,True,2732
18135.0,United Kingdom,2010-01-01,2099-12-31,True,2733
14453.0,United Kingdom,2010-01-01,2099-12-31,True,2734
17900.0,United Kingdom,2010-01-01,2099-12-31,True,2735
13437.0,United Kingdom,2010-01-01,2099-12-31,True,2736
12517.0,Germany,2010-01-01,2099-12-31,True,2737
16529.0,United Kingdom,2010-01-01,2099-12-31,True,2738
17531.0,United Kingdom,2010-01-01,2099-12-31,True,2739
16239.0,United Kingdom,2010-01-01,2099-12-31,True,2740
14500.0,United Kingdom,2010-01-01,2099-12-31,True,2741
12455.0,Spain,2010-01-01,2099-12-31,True,2742
16117.0,United Kingdom,2010-01-01,2099-12-31,True,2743
13248.0,United Kingdom,2010-01-01,2099-12-31,True,2744
16967.0,United Kingdom,2010-01-01,2099-12-31,True,2745
15405.0,United Kingdom,2010-01-01,2099-12-31,True,2746
16659.0,United Kingdom,2010-01-01,2099-12-31,True,2747
16880.0,United Kingdom,2010-01-01,2099-12-31,True,2748
13435.0,United Kingdom,2010-01-01,2099-12-31,True,2749
13131.0,United Kingdom,2010-01-01,2099-12-31,True,2750
14891.0,United Kingdom,2010-01-01,2099-12-31,True,2751
16682.0,United Kingdom,2010-01-01,2099-12-31,True,2752
15453.0,United Kingdom,2010-01-01,2099-12-31,True,2753
16963.0,United Kingdom,2010-01-01,2099-12-31,True,2754
13682.0,United Kingdom,2010-01-01,2099-12-31,True,2755
15152.0,United Kingdom,2010-01-01,2099-12-31,True,2756
15462.0,United Kingdom,2010-01-01,2099-12-31,True,2757
12449.0,Belgium,2010-01-01,2099-12-31,True,2758
15349.0,United Kingdom,2010-01-01,2099-12-31,True,2759
16849.0,United Kingdom,2010-01-01,2099-12-31,True,2760
12802.0,Netherlands,2010-01-01,2099-12-31,True,2761
15073.0,United Kingdom,2010-01-01,2099-12-31,True,2762
16298.0,United Kingdom,2010-01-01,2099-12-31,True,2763
12535.0,France,2010-01-01,2099-12-31,True,2764
18248.0,United Kingdom,2010-01-01,2099-12-31,True,2765
15386.0,United Kingdom,2010-01-01,2099-12-31,True,2766
16611.0,United Kingdom,2010-01-01,2099-12-31,True,2767
17252.0,United Kingdom,2010-01-01,2099-12-31,True,2768
14542.0,United Kingdom,2010-01-01,2099-12-31,True,2769
16825.0,United Kingdom,2010-01-01,2099-12-31,True,2770
12380.0,Belgium,2010-01-01,2099-12-31,True,2771
18072.0,United Kingdom,2010-01-01,2099-12-31,True,2772
13643.0,United Kingdom,2010-01-01,2099-12-31,True,2773
15969.0,United Kingdom,2010-01-01,2099-12-31,True,2774
13283.0,United Kingdom,2010-01-01,2099-12-31,True,2775
17015.0,United Kingdom,2010-01-01,2099-12-31,True,2776
14375.0,United Kingdom,2010-01-01,2099-12-31,True,2777
17124.0,United Kingdom,2010-01-01,2099-12-31,True,2778
17987.0,United Kingdom,2010-01-01,2099-12-31,True,2779
13395.0,United Kingdom,2010-01-01,2099-12-31,True,2780
17828.0,Malta,2010-01-01,2099-12-31,True,2781
15743.0,United Kingdom,2010-01-01,2099-12-31,True,2782
17414.0,United Kingdom,2010-01-01,2099-12-31,True,2783
14622.0,United Kingdom,2010-01-01,2099-12-31,True,2784
15609.0,United Kingdom,2010-01-01,2099-12-31,True,2785
14561.0,United Kingdom,2010-01-01,2099-12-31,True,2786
16872.0,United Kingdom,2010-01-01,2099-12-31,True,2787
16358.0,United Kingdom,2010-01-01,2099-12-31,True,2788
15238.0,United Kingdom,2010-01-01,2099-12-31,True,2789
13115.0,United Kingdom,2010-01-01,2099-12-31,True,2790
13466.0,United Kingdom,2010-01-01,2099-12-31,True,2791
17360.0,United Kingdom,2010-01-01,2099-12-31,True,2792
13510.0,United Kingdom,2010-01-01,2099-12-31,True,2793
12406.0,Denmark,2010-01-01,2099-12-31,True,2794
16892.0,United Kingdom,2010-01-01,2099-12-31,True,2795
14241.0,United Kingdom,2010-01-01,2099-12-31,True,2796
14132.0,United Kingdom,2010-01-01,2099-12-31,True,2797
14963.0,United Kingdom,2010-01-01,2099-12-31,True,2798
17169.0,United Kingdom,2010-01-01,2099-12-31,True,2799
15252.0,United Kingdom,2010-01-01,2099-12-31,True,2800
17731.0,United Kingdom,2010-01-01,2099-12-31,True,2801
16113.0,United Kingdom,2010-01-01,2099-12-31,True,2802
12694.0,France,2010-01-01,2099-12-31,True,2803
16107.0,United Kingdom,2010-01-01,2099-12-31,True,2804
17483.0,United Kingdom,2010-01-01,2099-12-31,True,2805
15679.0,United Kingdom,2010-01-01,2099-12-31,True,2806
13686.0,United Kingdom,2010-01-01,2099-12-31,True,2807
16581.0,United Kingdom,2010-01-01,2099-12-31,True,2808
15267.0,United Kingdom,2010-01-01,2099-12-31,True,2809
17234.0,United Kingdom,2010-01-01,2099-12-31,True,2810
17797.0,United Kingdom,2010-01-01,2099-12-31,True,2811
16614.0,United Kingdom,2010-01-01,2099-12-31,True,2812
12409.0,Switzerland,2010-01-01,2099-12-31,True,2813
15411.0,United Kingdom,2010-01-01,2099-12-31,True,2814
14178.0,United Kingdom,2010-01-01,2099-12-31,True,2815
15098.0,United Kingdom,2010-01-01,2099-12-31,True,2816
18281.0,United Kingdom,2010-01-01,2099-12-31,True,2817
14984.0,United Kingdom,2010-01-01,2099-12-31,True,2818
12516.0,Germany,2010-01-01,2099-12-31,True,2819
17265.0,United Kingdom,2010-01-01,2099-12-31,True,2820
13617.0,United Kingdom,2010-01-01,2099-12-31,True,2821
17242.0,United Kingdom,2010-01-01,2099-12-31,True,2822
17289.0,United Kingdom,2010-01-01,2099-12-31,True,2823
16018.0,United Kingdom,2010-01-01,2099-12-31,True,2824
14704.0,United Kingdom,2010-01-01,2099-12-31,True,2825
16794.0,United Kingdom,2010-01-01,2099-12-31,True,2826
13761.0,United Kingdom,2010-01-01,2099-12-31,True,2827
13517.0,United Kingdom,2010-01-01,2099-12-31,True,2828
13936.0,United Kingdom,2010-01-01,2099-12-31,True,2829
16342.0,United Kingdom,2010-01-01,2099-12-31,True,2830
14177.0,United Kingdom,2010-01-01,2099-12-31,True,2831
12732.0,France,2010-01-01,2099-12-31,True,2832
16205.0,United Kingdom,2010-01-01,2099-12-31,True,2833
15036.0,United Kingdom,2010-01-01,2099-12-31,True,2834
13589.0,United Kingdom,2010-01-01,2099-12-31,True,2835
17579.0,United Kingdom,2010-01-01,2099-12-31,True,2836
15069.0,United Kingdom,2010-01-01,2099-12-31,True,2837
17349.0,United Kingdom,2010-01-01,2099-12-31,True,2838
13080.0,United Kingdom,2010-01-01,2099-12-31,True,2839
13663.0,United Kingdom,2010-01-01,2099-12-31,True,2840
14503.0,United Kingdom,2010-01-01,2099-12-31,True,2841
16774.0,United Kingdom,2010-01-01,2099-12-31,True,2842
13384.0,United Kingdom,2010-01-01,2099-12-31,True,2843
17101.0,United Kingdom,2010-01-01,2099-12-31,True,2844
14997.0,United Kingdom,2010-01-01,2099-12-31,True,2845
17155.0,United Kingdom,2010-01-01,2099-12-31,True,2846
12809.0,Portugal,2010-01-01,2099-12-31,True,2847
16461.0,United Kingdom,2010-01-01,2099-12-31,True,2848
13343.0,United Kingdom,2010-01-01,2099-12-31,True,2849
12624.0,France,2010-01-01,2099-12-31,True,2850
18165.0,United Kingdom,2010-01-01,2099-12-31,True,2851
17536.0,United Kingdom,2010-01-01,2099-12-31,True,2852
16324.0,United Kingdom,2010-01-01,2099-12-31,True,2853
17651.0,United Kingdom,2010-01-01,2099-12-31,True,2854
14222.0,United Kingdom,2010-01-01,2099-12-31,True,2855
15585.0,United Kingdom,2010-01-01,2099-12-31,True,2856
17490.0,United Kingdom,2010-01-01,2099-12-31,True,2857
16739.0,United Kingdom,2010-01-01,2099-12-31,True,2858
16276.0,United Kingdom,2010-01-01,2099-12-31,True,2859
17193.0,United Kingdom,2010-01-01,2099-12-31,True,2860
16257.0,United Kingdom,2010-01-01,2099-12-31,True,2861
16279.0,United Kingdom,2010-01-01,2099-12-31,True,2862
14285.0,United Kingdom,2010-01-01,2099-12-31,True,2863
17642.0,United Kingdom,2010-01-01,2099-12-31,True,2864
12816.0,Poland,2010-01-01,2099-12-31,True,2865
13826.0,United Kingdom,2010-01-01,2099-12-31,True,2866
13575.0,United Kingdom,2010-01-01,2099-12-31,True,2867
17157.0,United Kingdom,2010-01-01,2099-12-31,True,2868
16852.0,United Kingdom,2010-01-01,2099-12-31,True,2869
15219.0,United Kingdom,2010-01-01,2099-12-31,True,2870
15014.0,United Kingdom,2010-01-01,2099-12-31,True,2871
14765.0,United Kingdom,2010-01-01,2099-12-31,True,2872
16869.0,United Kingdom,2010-01-01,2099-12-31,True,2873
15909.0,United Kingdom,2010-01-01,2099-12-31,True,2874
13618.0,United Kingdom,2010-01-01,2099-12-31,True,2875
16050.0,United Kingdom,2010-01-01,2099-12-31,True,2876
17879.0,United Kingdom,2010-01-01,2099-12-31,True,2877
17562.0,United Kingdom,2010-01-01,2099-12-31,True,2878
15334.0,United Kingdom,2010-01-01,2099-12-31,True,2879
12450.0,Spain,2010-01-01,2099-12-31,True,2880
13568.0,United Kingdom,2010-01-01,2099-12-31,True,2881
14820.0,United Kingdom,2010-01-01,2099-12-31,True,2882
16744.0,United Kingdom,2010-01-01,2099-12-31,True,2883
15700.0,United Kingdom,2010-01-01,2099-12-31,True,2884
17299.0,United Kingdom,2010-01-01,2099-12-31,True,2885
12837.0,United Kingdom,2010-01-01,2099-12-31,True,2886
15076.0,United Kingdom,2010-01-01,2099-12-31,True,2887
17444.0,Canada,2010-01-01,2099-12-31,True,2888
15921.0,United Kingdom,2010-01-01,2099-12-31,True,2889
15747.0,United Kingdom,2010-01-01,2099-12-31,True,2890
15840.0,United Kingdom,2010-01-01,2099-12-31,True,2891
15016.0,United Kingdom,2010-01-01,2099-12-31,True,2892
14808.0,United Kingdom,2010-01-01,2099-12-31,True,2893
12904.0,United Kingdom,2010-01-01,2099-12-31,True,2894
15825.0,United Kingdom,2010-01-01,2099-12-31,True,2895
12432.0,Norway,2010-01-01,2099-12-31,True,2896
15389.0,United Kingdom,2010-01-01,2099-12-31,True,2897
15280.0,United Kingdom,2010-01-01,2099-12-31,True,2898
17159.0,United Kingdom,2010-01-01,2099-12-31,True,2899
15329.0,United Kingdom,2010-01-01,2099-12-31,True,2900
12830.0,United Kingdom,2010-01-01,2099-12-31,True,2901
15507.0,United Kingdom,2010-01-01,2099-12-31,True,2902
18252.0,United Kingdom,2010-01-01,2099-12-31,True,2903
16526.0,United Kingdom,2010-01-01,2099-12-31,True,2904
17695.0,United Kingdom,2010-01-01,2099-12-31,True,2905
12930.0,United Kingdom,2010-01-01,2099-12-31,True,2906
14960.0,United Kingdom,2010-01-01,2099-12-31,True,2907
12444.0,Norway,2010-01-01,2099-12-31,True,2908
17960.0,United Kingdom,2010-01-01,2099-12-31,True,2909
15412.0,United Kingdom,2010-01-01,2099-12-31,True,2910
12798.0,Japan,2010-01-01,2099-12-31,True,2911
13849.0,United Kingdom,2010-01-01,2099-12-31,True,2912
16114.0,United Kingdom,2010-01-01,2099-12-31,True,2913
13420.0,United Kingdom,2010-01-01,2099-12-31,True,2914
13780.0,United Kingdom,2010-01-01,2099-12-31,True,2915
17877.0,United Kingdom,2010-01-01,2099-12-31,True,2916
16247.0,United Kingdom,2010-01-01,2099-12-31,True,2917
15041.0,United Kingdom,2010-01-01,2099-12-31,True,2918
12379.0,Belgium,2010-01-01,2099-12-31,True,2919
16287.0,United Kingdom,2010-01-01,2099-12-31,True,2920
12919.0,United Kingdom,2010-01-01,2099-12-31,True,2921
15130.0,United Kingdom,2010-01-01,2099-12-31,True,2922
12704.0,Finland,2010-01-01,2099-12-31,True,2923
17370.0,United Kingdom,2010-01-01,2099-12-31,True,2924
17709.0,United Kingdom,2010-01-01,2099-12-31,True,2925
15253.0,United Kingdom,2010-01-01,2099-12-31,True,2926
13300.0,United Kingdom,2010-01-01,2099-12-31,True,2927
17759.0,United Kingdom,2010-01-01,2099-12-31,True,2928
12465.0,Belgium,2010-01-01,2099-12-31,True,2929
12412.0,Denmark,2010-01-01,2099-12-31,True,2930
12697.0,Sweden,2010-01-01,2099-12-31,True,2931
13937.0,United Kingdom,2010-01-01,2099-12-31,True,2932
12422.0,Switzerland,2010-01-01,2099-12-31,True,2933
12615.0,France,2010-01-01,2099-12-31,True,2934
15850.0,United Kingdom,2010-01-01,2099-12-31,True,2935
15186.0,United Kingdom,2010-01-01,2099-12-31,True,2936
13791.0,United Kingdom,2010-01-01,2099-12-31,True,2937
14795.0,United Kingdom,2010-01-01,2099-12-31,True,2938
17768.0,United Kingdom,2010-01-01,2099-12-31,True,2939
18112.0,United Kingdom,2010-01-01,2099-12-31,True,2940
12548.0,Spain,2010-01-01,2099-12-31,True,2941
17386.0,United Kingdom,2010-01-01,2099-12-31,True,2942
14104.0,United Kingdom,2010-01-01,2099-12-31,True,2943
17110.0,United Kingdom,2010-01-01,2099-12-31,True,2944
18193.0,United Kingdom,2010-01-01,2099-12-31,True,2945
13895.0,United Kingdom,2010-01-01,2099-12-31,True,2946
16545.0,United Kingdom,2010-01-01,2099-12-31,True,2947
16671.0,United Kingdom,2010-01-01,2099-12-31,True,2948
14351.0,United Kingdom,2010-01-01,2099-12-31,True,2949
17391.0,United Kingdom,2010-01-01,2099-12-31,True,2950
16824.0,United Kingdom,2010-01-01,2099-12-31,True,2951
17750.0,United Kingdom,2010-01-01,2099-12-31,True,2952
16200.0,United Kingdom,2010-01-01,2099-12-31,True,2953
17997.0,United Kingdom,2010-01-01,2099-12-31,True,2954
14383.0,United Kingdom,2010-01-01,2099-12-31,True,2955
13461.0,United Kingdom,2010-01-01,2099-12-31,True,2956
17408.0,United Kingdom,2010-01-01,2099-12-31,True,2957
15537.0,United Kingdom,2010-01-01,2099-12-31,True,2958
14327.0,United Kingdom,2010-01-01,2099-12-31,True,2959
17837.0,United Kingdom,2010-01-01,2099-12-31,True,2960
12424.0,Australia,2010-01-01,2099-12-31,True,2961
15578.0,United Kingdom,2010-01-01,2099-12-31,True,2962
15584.0,United Kingdom,2010-01-01,2099-12-31,True,2963
13745.0,United Kingdom,2010-01-01,2099-12-31,True,2964
16498.0,United Kingdom,2010-01-01,2099-12-31,True,2965
17891.0,United Kingdom,2010-01-01,2099-12-31,True,2966
17123.0,United Kingdom,2010-01-01,2099-12-31,True,2967
16866.0,United Kingdom,2010-01-01,2099-12-31,True,2968
13730.0,United Kingdom,2010-01-01,2099-12-31,True,2969
16589.0,United Kingdom,2010-01-01,2099-12-31,True,2970
12922.0,United Kingdom,2010-01-01,2099-12-31,True,2971
16009.0,United Kingdom,2010-01-01,2099-12-31,True,2972
14053.0,United Kingdom,2010-01-01,2099-12-31,True,2973
17939.0,United Kingdom,2010-01-01,2099-12-31,True,2974
17312.0,United Kingdom,2010-01-01,2099-12-31,True,2975
13833.0,United Kingdom,2010-01-01,2099-12-31,True,2976
17899.0,United Kingdom,2010-01-01,2099-12-31,True,2977
15007.0,United Kingdom,2010-01-01,2099-12-31,True,2978
17464.0,United Kingdom,2010-01-01,2099-12-31,True,2979
18265.0,United Kingdom,2010-01-01,2099-12-31,True,2980
16861.0,United Kingdom,2010-01-01,2099-12-31,True,2981
16344.0,United Kingdom,2010-01-01,2099-12-31,True,2982
13338.0,United Kingdom,2010-01-01,2099-12-31,True,2983
17024.0,United Kingdom,2010-01-01,2099-12-31,True,2984
14034.0,United Kingdom,2010-01-01,2099-12-31,True,2985
18203.0,United Kingdom,2010-01-01,2099-12-31,True,2986
16616.0,United Kingdom,2010-01-01,2099-12-31,True,2987
16338.0,United Kingdom,2010-01-01,2099-12-31,True,2988
17046.0,United Kingdom,2010-01-01,2099-12-31,True,2989
13109.0,United Kingdom,2010-01-01,2099-12-31,True,2990
16829.0,United Kingdom,2010-01-01,2099-12-31,True,2991
13217.0,United Kingdom,2010-01-01,2099-12-31,True,2992
14002.0,United Kingdom,2010-01-01,2099-12-31,True,2993
12977.0,United Kingdom,2010-01-01,2099-12-31,True,2994
13291.0,United Kingdom,2010-01-01,2099-12-31,True,2995
13583.0,United Kingdom,2010-01-01,2099-12-31,True,2996
16929.0,United Kingdom,2010-01-01,2099-12-31,True,2997
17892.0,United Kingdom,2010-01-01,2099-12-31,True,2998
15505.0,United Kingdom,2010-01-01,2099-12-31,True,2999
14459.0,United Kingdom,2010-01-01,2099-12-31,True,3000
18013.0,United Kingdom,2010-01-01,2099-12-31,True,3001
13681.0,United Kingdom,2010-01-01,2099-12-31,True,3002
13699.0,United Kingdom,2010-01-01,2099-12-31,True,3003
14493.0,United Kingdom,2010-01-01,2099-12-31,True,3004
13486.0,United Kingdom,2010-01-01,2099-12-31,True,3005
13302.0,United Kingdom,2010-01-01,2099-12-31,True,3006
16012.0,United Kingdom,2010-01-01,2099-12-31,True,3007
12635.0,Germany,2010-01-01,2099-12-31,True,3008
17031.0,United Kingdom,2010-01-01,2099-12-31,True,3009
12461.0,Switzerland,2010-01-01,2099-12-31,True,3010
12648.0,Germany,2010-01-01,2099-12-31,True,3011
18121.0,United Kingdom,2010-01-01,2099-12-31,True,3012
15901.0,United Kingdom,2010-01-01,2099-12-31,True,3013
14918.0,United Kingdom,2010-01-01,2099-12-31,True,3014
15920.0,United Kingdom,2010-01-01,2099-12-31,True,3015
17353.0,United Kingdom,2010-01-01,2099-12-31,True,3016
18024.0,United Kingdom,2010-01-01,2099-12-31,True,3017
15467.0,United Kingdom,2010-01-01,2099-12-31,True,3018
16174.0,United Kingdom,2010-01-01,2099-12-31,True,3019
13678.0,United Kingdom,2010-01-01,2099-12-31,True,3020
14690.0,United Kingdom,2010-01-01,2099-12-31,True,3021
13058.0,United Kingdom,2010-01-01,2099-12-31,True,3022
14552.0,United Kingdom,2010-01-01,2099-12-31,True,3023
12556.0,Spain,2010-01-01,2099-12-31,True,3024
13224.0,United Kingdom,2010-01-01,2099-12-31,True,3025
16989.0,United Kingdom,2010-01-01,2099-12-31,True,3026
12358.0,Austria,2010-01-01,2099-12-31,True,3027
13207.0,United Kingdom,2010-01-01,2099-12-31,True,3028
18122.0,United Kingdom,2010-01-01,2099-12-31,True,3029
12722.0,France,2010-01-01,2099-12-31,True,3030
17405.0,United Kingdom,2010-01-01,2099-12-31,True,3031
13311.0,United Kingdom,2010-01-01,2099-12-31,True,3032
15051.0,United Kingdom,2010-01-01,2099-12-31,True,3033
15895.0,United Kingdom,2010-01-01,2099-12-31,True,3034
15795.0,United Kingdom,2010-01-01,2099-12-31,True,3035
13669.0,United Kingdom,2010-01-01,2099-12-31,True,3036
16450.0,United Kingdom,2010-01-01,2099-12-31,True,3037
13667.0,United Kingdom,2010-01-01,2099-12-31,True,3038
14400.0,United Kingdom,2010-01-01,2099-12-31,True,3039
12405.0,Finland,2010-01-01,2099-12-31,True,3040
14265.0,Unspecified,2010-01-01,2099-12-31,True,3041
14847.0,United Kingdom,2010-01-01,2099-12-31,True,3042
14862.0,United Kingdom,2010-01-01,2099-12-31,True,3043
16488.0,United Kingdom,2010-01-01,2099-12-31,True,3044
15256.0,United Kingdom,2010-01-01,2099-12-31,True,3045
14716.0,United Kingdom,2010-01-01,2099-12-31,True,3046
13933.0,United Kingdom,2010-01-01,2099-12-31,True,3047
14857.0,United Kingdom,2010-01-01,2099-12-31,True,3048
15306.0,United Kingdom,2010-01-01,2099-12-31,True,3049
15839.0,United Kingdom,2010-01-01,2099-12-31,True,3050
13994.0,United Kingdom,2010-01-01,2099-12-31,True,3051
17554.0,United Kingdom,2010-01-01,2099-12-31,True,3052
14332.0,United Kingdom,2010-01-01,2099-12-31,True,3053
17266.0,United Kingdom,2010-01-01,2099-12-31,True,3054
17948.0,United Kingdom,2010-01-01,2099-12-31,True,3055
15004.0,United Kingdom,2010-01-01,2099-12-31,True,3056
14722.0,United Kingdom,2010-01-01,2099-12-31,True,3057
13507.0,United Kingdom,2010-01-01,2099-12-31,True,3058
13967.0,United Kingdom,2010-01-01,2099-12-31,True,3059
16054.0,United Kingdom,2010-01-01,2099-12-31,True,3060
12833.0,United Kingdom,2010-01-01,2099-12-31,True,3061
16474.0,United Kingdom,2010-01-01,2099-12-31,True,3062
17984.0,United Kingdom,2010-01-01,2099-12-31,True,3063
12589.0,France,2010-01-01,2099-12-31,True,3064
16762.0,United Kingdom,2010-01-01,2099-12-31,True,3065
13940.0,United Kingdom,2010-01-01,2099-12-31,True,3066
14029.0,United Kingdom,2010-01-01,2099-12-31,True,3067
14117.0,United Kingdom,2010-01-01,2099-12-31,True,3068
13167.0,United Kingdom,2010-01-01,2099-12-31,True,3069
17779.0,United Kingdom,2010-01-01,2099-12-31,True,3070
13991.0,United Kingdom,2010-01-01,2099-12-31,True,3071
18101.0,United Kingdom,2010-01-01,2099-12-31,True,3072
13827.0,United Kingdom,2010-01-01,2099-12-31,True,3073
12560.0,Germany,2010-01-01,2099-12-31,True,3074
16764.0,United Kingdom,2010-01-01,2099-12-31,True,3075
18180.0,United Kingdom,2010-01-01,2099-12-31,True,3076
12521.0,Germany,2010-01-01,2099-12-31,True,3077
17866.0,United Kingdom,2010-01-01,2099-12-31,True,3078
15802.0,United Kingdom,2010-01-01,2099-12-31,True,3079
17229.0,United Kingdom,2010-01-01,2099-12-31,True,3080
14456.0,United Kingdom,2010-01-01,2099-12-31,True,3081
16464.0,United Kingdom,2010-01-01,2099-12-31,True,3082
17962.0,United Kingdom,2010-01-01,2099-12-31,True,3083
16149.0,United Kingdom,2010-01-01,2099-12-31,True,3084
14259.0,United Kingdom,2010-01-01,2099-12-31,True,3085
18143.0,United Kingdom,2010-01-01,2099-12-31,True,3086
17935.0,United Kingdom,2010-01-01,2099-12-31,True,3087
14517.0,United Kingdom,2010-01-01,2099-12-31,True,3088
17694.0,United Kingdom,2010-01-01,2099-12-31,True,3089
17660.0,United Kingdom,2010-01-01,2099-12-31,True,3090
16041.0,United Kingdom,2010-01-01,2099-12-31,True,3091
15623.0,United Kingdom,2010-01-01,2099-12-31,True,3092
15829.0,United Kingdom,2010-01-01,2099-12-31,True,3093
15232.0,United Kingdom,2010-01-01,2099-12-31,True,3094
12438.0,Norway,2010-01-01,2099-12-31,True,3095
12627.0,Germany,2010-01-01,2099-12-31,True,3096
13079.0,United Kingdom,2010-01-01,2099-12-31,True,3097
18262.0,United Kingdom,2010-01-01,2099-12-31,True,3098
13563.0,United Kingdom,2010-01-01,2099-12-31,True,3099
15506.0,United Kingdom,2010-01-01,2099-12-31,True,3100
16305.0,United Kingdom,2010-01-01,2099-12-31,True,3101
12864.0,United Kingdom,2010-01-01,2099-12-31,True,3102
17724.0,United Kingdom,2010-01-01,2099-12-31,True,3103
17703.0,United Kingdom,2010-01-01,2099-12-31,True,3104
13116.0,United Kingdom,2010-01-01,2099-12-31,True,3105
14019.0,United Kingdom,2010-01-01,2099-12-31,True,3106
17649.0,United Kingdom,2010-01-01,2099-12-31,True,3107
16178.0,United Kingdom,2010-01-01,2099-12-31,True,3108
17040.0,United Kingdom,2010-01-01,2099-12-31,True,3109
14100.0,United Kingdom,2010-01-01,2099-12-31,True,3110
16557.0,United Kingdom,2010-01-01,2099-12-31,True,3111
13296.0,United Kingdom,2010-01-01,2099-12-31,True,3112
13814.0,Germany,2010-01-01,2099-12-31,True,3113
16364.0,United Kingdom,2010-01-01,2099-12-31,True,3114
17693.0,United Kingdom,2010-01-01,2099-12-31,True,3115
15372.0,United Kingdom,2010-01-01,2099-12-31,True,3116
15618.0,United Kingdom,2010-01-01,2099-12-31,True,3117
13930.0,United Kingdom,2010-01-01,2099-12-31,True,3118
13379.0,United Kingdom,2010-01-01,2099-12-31,True,3119
13194.0,United Kingdom,2010-01-01,2099-12-31,True,3120
16447.0,United Kingdom,2010-01-01,2099-12-31,True,3121
14305.0,United Kingdom,2010-01-01,2099-12-31,True,3122
12397.0,Belgium,2010-01-01,2099-12-31,True,3123
14331.0,United Kingdom,2010-01-01,2099-12-31,True,3124
15261.0,United Kingdom,2010-01-01,2099-12-31,True,3125
15105.0,United Kingdom,2010-01-01,2099-12-31,True,3126
13813.0,Germany,2010-01-01,2099-12-31,True,3127
14855.0,United Kingdom,2010-01-01,2099-12-31,True,3128
13925.0,United Kingdom,2010-01-01,2099-12-31,True,3129
18237.0,United Kingdom,2010-01-01,2099-12-31,True,3130
12453.0,Austria,2010-01-01,2099-12-31,True,3131
15639.0,United Kingdom,2010-01-01,2099-12-31,True,3132
15118.0,United Kingdom,2010-01-01,2099-12-31,True,3133
15746.0,United Kingdom,2010-01-01,2099-12-31,True,3134
12743.0,Unspecified,2010-01-01,2099-12-31,True,3135
18268.0,United Kingdom,2010-01-01,2099-12-31,True,3136
15942.0,United Kingdom,2010-01-01,2099-12-31,True,3137
14143.0,United Kingdom,2010-01-01,2099-12-31,True,3138
15120.0,United Kingdom,2010-01-01,2099-12-31,True,3139
16147.0,United Kingdom,2010-01-01,2099-12-31,True,3140
13277.0,United Kingdom,2010-01-01,2099-12-31,True,3141
18127.0,United Kingdom,2010-01-01,2099-12-31,True,3142
15149.0,United Kingdom,2010-01-01,2099-12-31,True,3143
18081.0,United Kingdom,2010-01-01,2099-12-31,True,3144
14511.0,United Kingdom,2010-01-01,2099-12-31,True,3145
12716.0,France,2010-01-01,2099-12-31,True,3146
15776.0,United Kingdom,2010-01-01,2099-12-31,True,3147
12981.0,United Kingdom,2010-01-01,2099-12-31,True,3148
13106.0,United Kingdom,2010-01-01,2099-12-31,True,3149
13928.0,United Kingdom,2010-01-01,2099-12-31,True,3150
14885.0,United Kingdom,2010-01-01,2099-12-31,True,3151
13388.0,United Kingdom,2010-01-01,2099-12-31,True,3152
15438.0,United Kingdom,2010-01-01,2099-12-31,True,3153
17173.0,United Kingdom,2010-01-01,2099-12-31,True,3154
17941.0,United Kingdom,2010-01-01,2099-12-31,True,3155
14947.0,United Kingdom,2010-01-01,2099-12-31,True,3156
17053.0,United Kingdom,2010-01-01,2099-12-31,True,3157
12534.0,Germany,2010-01-01,2099-12-31,True,3158
12844.0,United Kingdom,2010-01-01,2099-12-31,True,3159
14567.0,United Kingdom,2010-01-01,2099-12-31,True,3160
14937.0,Channel Islands,2010-01-01,2099-12-31,True,3161
12828.0,United Kingdom,2010-01-01,2099-12-31,True,3162
16984.0,United Kingdom,2010-01-01,2099-12-31,True,3163
13023.0,United Kingdom,2010-01-01,2099-12-31,True,3164
17553.0,United Kingdom,2010-01-01,2099-12-31,True,3165
13075.0,United Kingdom,2010-01-01,2099-12-31,True,3166
15342.0,United Kingdom,2010-01-01,2099-12-31,True,3167
12644.0,Germany,2010-01-01,2099-12-31,True,3168
12378.0,Switzerland,2010-01-01,2099-12-31,True,3169
17788.0,United Kingdom,2010-01-01,2099-12-31,True,3170
13850.0,United Kingdom,2010-01-01,2099-12-31,True,3171
14076.0,United Kingdom,2010-01-01,2099-12-31,True,3172
13805.0,United Kingdom,2010-01-01,2099-12-31,True,3173
17887.0,United Kingdom,2010-01-01,2099-12-31,True,3174
13186.0,United Kingdom,2010-01-01,2099-12-31,True,3175
12750.0,Poland,2010-01-01,2099-12-31,True,3176
15374.0,United Kingdom,2010-01-01,2099-12-31,True,3177
17656.0,United Kingdom,2010-01-01,2099-12-31,True,3178
16102.0,United Kingdom,2010-01-01,2099-12-31,True,3179
15089.0,United Kingdom,2010-01-01,2099-12-31,True,3180
14972.0,United Kingdom,2010-01-01,2099-12-31,True,3181
17514.0,United Kingdom,2010-01-01,2099-12-31,True,3182
12917.0,United Kingdom,2010-01-01,2099-12-31,True,3183
12689.0,France,2010-01-01,2099-12-31,True,3184
14768.0,United Kingdom,2010-01-01,2099-12-31,True,3185
17584.0,United Kingdom,2010-01-01,2099-12-31,True,3186
15254.0,United Kingdom,2010-01-01,2099-12-31,True,3187
18099.0,United Kingdom,2010-01-01,2099-12-31,True,3188
15205.0,United Kingdom,2010-01-01,2099-12-31,True,3189
13218.0,United Kingdom,2010-01-01,2099-12-31,True,3190
17267.0,United Kingdom,2010-01-01,2099-12-31,True,3191
16302.0,United Kingdom,2010-01-01,2099-12-31,True,3192
13513.0,United Kingdom,2010-01-01,2099-12-31,True,3193
14720.0,United Kingdom,2010-01-01,2099-12-31,True,3194
18282.0,United Kingdom,2010-01-01,2099-12-31,True,3195
12610.0,Italy,2010-01-01,2099-12-31,True,3196
13200.0,United Kingdom,2010-01-01,2099-12-31,True,3197
14079.0,United Kingdom,2010-01-01,2099-12-31,True,3198
17298.0,United Kingdom,2010-01-01,2099-12-31,True,3199
14024.0,United Kingdom,2010-01-01,2099-12-31,True,3200
16066.0,United Kingdom,2010-01-01,2099-12-31,True,3201
15198.0,United Kingdom,2010-01-01,2099-12-31,True,3202
12865.0,Austria,2010-01-01,2099-12-31,True,3203
12885.0,United Kingdom,2010-01-01,2099-12-31,True,3204
17331.0,United Kingdom,2010-01-01,2099-12-31,True,3205
13016.0,United Kingdom,2010-01-01,2099-12-31,True,3206
13500.0,United Kingdom,2010-01-01,2099-12-31,True,3207
15247.0,United Kingdom,2010-01-01,2099-12-31,True,3208
13355.0,United Kingdom,2010-01-01,2099-12-31,True,3209
16053.0,United Kingdom,2010-01-01,2099-12-31,True,3210
13919.0,Denmark,2010-01-01,2099-12-31,True,3211
12384.0,Switzerland,2010-01-01,2099-12-31,True,3212
16292.0,United Kingdom,2010-01-01,2099-12-31,True,3213
12571.0,France,2010-01-01,2099-12-31,True,3214
14116.0,United Kingdom,2010-01-01,2099-12-31,True,3215
14495.0,United Kingdom,2010-01-01,2099-12-31,True,3216
15494.0,United Kingdom,2010-01-01,2099-12-31,True,3217
15608.0,United Kingdom,2010-01-01,2099-12-31,True,3218
17248.0,United Kingdom,2010-01-01,2099-12-31,True,3219
17653.0,United Kingdom,2010-01-01,2099-12-31,True,3220
17633.0,United Kingdom,2010-01-01,2099-12-31,True,3221
13645.0,United Kingdom,2010-01-01,2099-12-31,True,3222
15469.0,United Kingdom,2010-01-01,2099-12-31,True,3223
13307.0,United Kingdom,2010-01-01,2099-12-31,True,3224
12381.0,Norway,2010-01-01,2099-12-31,True,3225
17122.0,United Kingdom,2010-01-01,2099-12-31,True,3226
14406.0,United Kingdom,2010-01-01,2099-12-31,True,3227
15683.0,United Kingdom,2010-01-01,2099-12-31,True,3228
14301.0,United Kingdom,2010-01-01,2099-12-31,True,3229
14658.0,United Kingdom,2010-01-01,2099-12-31,True,3230
13621.0,United Kingdom,2010-01-01,2099-12-31,True,3231
16272.0,United Kingdom,2010-01-01,2099-12-31,True,3232
17958.0,United Kingdom,2010-01-01,2099-12-31,True,3233
16836.0,United Kingdom,2010-01-01,2099-12-31,True,3234
16961.0,United Kingdom,2010-01-01,2099-12-31,True,3235
16902.0,United Kingdom,2010-01-01,2099-12-31,True,3236
15706.0,United Kingdom,2010-01-01,2099-12-31,True,3237
15480.0,Malta,2010-01-01,2099-12-31,True,3238
15315.0,United Kingdom,2010-01-01,2099-12-31,True,3239
15653.0,United Kingdom,2010-01-01,2099-12-31,True,3240
13159.0,United Kingdom,2010-01-01,2099-12-31,True,3241
13189.0,United Kingdom,2010-01-01,2099-12-31,True,3242
17637.0,United Kingdom,2010-01-01,2099-12-31,True,3243
12641.0,Sweden,2010-01-01,2099-12-31,True,3244
13470.0,United Kingdom,2010-01-01,2099-12-31,True,3245
15786.0,United Kingdom,2010-01-01,2099-12-31,True,3246
15541.0,United Kingdom,2010-01-01,2099-12-31,True,3247
16734.0,United Kingdom,2010-01-01,2099-12-31,True,3248
16706.0,United Kingdom,2010-01-01,2099-12-31,True,3249
17070.0,United Kingdom,2010-01-01,2099-12-31,True,3250
12688.0,Israel,2010-01-01,2099-12-31,True,3251
12729.0,France,2010-01-01,2099-12-31,True,3252
12962.0,United Kingdom,2010-01-01,2099-12-31,True,3253
13273.0,United Kingdom,2010-01-01,2099-12-31,True,3254
17736.0,United Kingdom,2010-01-01,2099-12-31,True,3255
15472.0,United Kingdom,2010-01-01,2099-12-31,True,3256
12680.0,France,2010-01-01,2099-12-31,True,3257
16582.0,United Kingdom,2010-01-01,2099-12-31,True,3258
17747.0,United Kingdom,2010-01-01,2099-12-31,True,3259
12513.0,France,2010-01-01,2099-12-31,True,3260
15396.0,United Kingdom,2010-01-01,2099-12-31,True,3261
12418.0,Switzerland,2010-01-01,2099-12-31,True,3262
16828.0,United Kingdom,2010-01-01,2099-12-31,True,3263
14712.0,United Kingdom,2010-01-01,2099-12-31,True,3264
12991.0,United Kingdom,2010-01-01,2099-12-31,True,3265
14772.0,United Kingdom,2010-01-01,2099-12-31,True,3266
12364.0,Belgium,2010-01-01,2099-12-31,True,3267
12968.0,United Kingdom,2010-01-01,2099-12-31,True,3268
16330.0,United Kingdom,2010-01-01,2099-12-31,True,3269
14566.0,Channel Islands,2010-01-01,2099-12-31,True,3270
15701.0,United Kingdom,2010-01-01,2099-12-31,True,3271
12518.0,Germany,2010-01-01,2099-12-31,True,3272
14529.0,United Kingdom,2010-01-01,2099-12-31,True,3273
16536.0,United Kingdom,2010-01-01,2099-12-31,True,3274
15313.0,United Kingdom,2010-01-01,2099-12-31,True,3275
15801.0,United Kingdom,2010-01-01,2099-12-31,True,3276
16201.0,United Kingdom,2010-01-01,2099-12-31,True,3277
16555.0,United Kingdom,2010-01-01,2099-12-31,True,3278
16952.0,United Kingdom,2010-01-01,2099-12-31,True,3279
14387.0,United Kingdom,2010-01-01,2099-12-31,True,3280
17073.0,United Kingdom,2010-01-01,2099-12-31,True,3281
18147.0,United Kingdom,2010-01-01,2099-12-31,True,3282
14523.0,United Kingdom,2010-01-01,2099-12-31,True,3283
14418.0,United Kingdom,2010-01-01,2099-12-31,True,3284
12642.0,Germany,2010-01-01,2099-12-31,True,3285
16968.0,United Kingdom,2010-01-01,2099-12-31,True,3286
16723.0,United Kingdom,2010-01-01,2099-12-31,True,3287
13411.0,United Kingdom,2010-01-01,2099-12-31,True,3288
16340.0,United Kingdom,2010-01-01,2099-12-31,True,3289
13236.0,United Kingdom,2010-01-01,2099-12-31,True,3290
14196.0,United Kingdom,2010-01-01,2099-12-31,True,3291
15263.0,United Kingdom,2010-01-01,2099-12-31,True,3292
14314.0,United Kingdom,2010-01-01,2099-12-31,True,3293
16093.0,United Kingdom,2010-01-01,2099-12-31,True,3294
17844.0,Canada,2010-01-01,2099-12-31,True,3295
14687.0,United Kingdom,2010-01-01,2099-12-31,True,3296
14050.0,United Kingdom,2010-01-01,2099-12-31,True,3297
16429.0,United Kingdom,2010-01-01,2099-12-31,True,3298
14055.0,United Kingdom,2010-01-01,2099-12-31,True,3299
12715.0,Sweden,2010-01-01,2099-12-31,True,3300
15663.0,United Kingdom,2010-01-01,2099-12-31,True,3301
18200.0,United Kingdom,2010-01-01,2099-12-31,True,3302
18167.0,United Kingdom,2010-01-01,2099-12-31,True,3303
13644.0,United Kingdom,2010-01-01,2099-12-31,True,3304
17451.0,United Kingdom,2010-01-01,2099-12-31,True,3305
16641.0,United Kingdom,2010-01-01,2099-12-31,True,3306
13812.0,Germany,2010-01-01,2099-12-31,True,3307
14141.0,United Kingdom,2010-01-01,2099-12-31,True,3308
15074.0,United Kingdom,2010-01-01,2099-12-31,True,3309
12492.0,Germany,2010-01-01,2099-12-31,True,3310
17183.0,United Kingdom,2010-01-01,2099-12-31,True,3311
15325.0,United Kingdom,2010-01-01,2099-12-31,True,3312
13778.0,United Kingdom,2010-01-01,2099-12-31,True,3313
14869.0,United Kingdom,2010-01-01,2099-12-31,True,3314
14096.0,United Kingdom,2010-01-01,2099-12-31,True,3315
14108.0,United Kingdom,2010-01-01,2099-12-31,True,3316
12814.0,Poland,2010-01-01,2099-12-31,True,3317
15866.0,United Kingdom,2010-01-01,2099-12-31,True,3318
14660.0,United Kingdom,2010-01-01,2099-12-31,True,3319
13726.0,United Kingdom,2010-01-01,2099-12-31,True,3320
15690.0,United Kingdom,2010-01-01,2099-12-31,True,3321
17777.0,United Kingdom,2010-01-01,2099-12-31,True,3322
16278.0,United Kingdom,2010-01-01,2099-12-31,True,3323
13276.0,United Kingdom,2010-01-01,2099-12-31,True,3324
12436.0,Norway,2010-01-01,2099-12-31,True,3325
13147.0,United Kingdom,2010-01-01,2099-12-31,True,3326
13045.0,United Kingdom,2010-01-01,2099-12-31,True,3327
13099.0,United Kingdom,2010-01-01,2099-12-31,True,3328
12739.0,United Arab Emirates,2010-01-01,2099-12-31,True,3329
14420.0,United Kingdom,2010-01-01,2099-12-31,True,3330
14436.0,United Kingdom,2010-01-01,2099-12-31,True,3331
18027.0,United Kingdom,2010-01-01,2099-12-31,True,3332
12794.0,Portugal,2010-01-01,2099-12-31,True,3333
12832.0,United Kingdom,2010-01-01,2099-12-31,True,3334
16674.0,United Kingdom,2010-01-01,2099-12-31,True,3335
12375.0,Finland,2010-01-01,2099-12-31,True,3336
16173.0,United Kingdom,2010-01-01,2099-12-31,True,3337
14171.0,United Kingdom,2010-01-01,2099-12-31,True,3338
13434.0,United Kingdom,2010-01-01,2099-12-31,True,3339
16761.0,United Kingdom,2010-01-01,2099-12-31,True,3340
14067.0,United Kingdom,2010-01-01,2099-12-31,True,3341
13808.0,United Kingdom,2010-01-01,2099-12-31,True,3342
15215.0,United Kingdom,2010-01-01,2099-12-31,True,3343
12851.0,United Kingdom,2010-01-01,2099-12-31,True,3344
14335.0,Germany,2010-01-01,2099-12-31,True,3345
14965.0,United Kingdom,2010-01-01,2099-12-31,True,3346
15136.0,United Kingdom,2010-01-01,2099-12-31,True,3347
16629.0,United Kingdom,2010-01-01,2099-12-31,True,3348
18261.0,United Kingdom,2010-01-01,2099-12-31,True,3349
15307.0,United Kingdom,2010-01-01,2099-12-31,True,3350
16820.0,United Kingdom,2010-01-01,2099-12-31,True,3351
17309.0,United Kingdom,2010-01-01,2099-12-31,True,3352
13949.0,United Kingdom,2010-01-01,2099-12-31,True,3353
14360.0,United Kingdom,2010-01-01,2099-12-31,True,3354
16400.0,United Kingdom,2010-01-01,2099-12-31,True,3355
14208.0,United Kingdom,2010-01-01,2099-12-31,True,3356
12526.0,Germany,2010-01-01,2099-12-31,True,3357
13130.0,United Kingdom,2010-01-01,2099-12-31,True,3358
13210.0,United Kingdom,2010-01-01,2099-12-31,True,3359
17481.0,United Kingdom,2010-01-01,2099-12-31,True,3360
12685.0,France,2010-01-01,2099-12-31,True,3361
17573.0,United Kingdom,2010-01-01,2099-12-31,True,3362
14452.0,United Kingdom,2010-01-01,2099-12-31,True,3363
13889.0,United Kingdom,2010-01-01,2099-12-31,True,3364
15488.0,United Kingdom,2010-01-01,2099-12-31,True,3365
18222.0,United Kingdom,2010-01-01,2099-12-31,True,3366
13244.0,United Kingdom,2010-01-01,2099-12-31,True,3367
17004.0,United Kingdom,2010-01-01,2099-12-31,True,3368
13441.0,United Kingdom,2010-01-01,2099-12-31,True,3369
13823.0,United Kingdom,2010-01-01,2099-12-31,True,3370
12879.0,United Kingdom,2010-01-01,2099-12-31,True,3371
16603.0,United Kingdom,2010-01-01,2099-12-31,True,3372
14824.0,United Kingdom,2010-01-01,2099-12-31,True,3373
16910.0,United Kingdom,2010-01-01,2099-12-31,True,3374
15652.0,United Kingdom,2010-01-01,2099-12-31,True,3375
16362.0,United Kingdom,2010-01-01,2099-12-31,True,3376
15035.0,United Kingdom,2010-01-01,2099-12-31,True,3377
14508.0,United Kingdom,2010-01-01,2099-12-31,True,3378
13272.0,United Kingdom,2010-01-01,2099-12-31,True,3379
17317.0,United Kingdom,2010-01-01,2099-12-31,True,3380
14212.0,United Kingdom,2010-01-01,2099-12-31,True,3381
13372.0,United Kingdom,2010-01-01,2099-12-31,True,3382
18255.0,United Kingdom,2010-01-01,2099-12-31,True,3383
14250.0,United Kingdom,2010-01-01,2099-12-31,True,3384
16796.0,United Kingdom,2010-01-01,2099-12-31,True,3385
14432.0,United Kingdom,2010-01-01,2099-12-31,True,3386
15782.0,United Kingdom,2010-01-01,2099-12-31,True,3387
12883.0,United Kingdom,2010-01-01,2099-12-31,True,3388
12965.0,United Kingdom,2010-01-01,2099-12-31,True,3389
15533.0,United Kingdom,2010-01-01,2099-12-31,True,3390
18215.0,United Kingdom,2010-01-01,2099-12-31,True,3391
18158.0,United Kingdom,2010-01-01,2099-12-31,True,3392
13375.0,United Kingdom,2010-01-01,2099-12-31,True,3393
13431.0,United Kingdom,2010-01-01,2099-12-31,True,3394
16211.0,United Kingdom,2010-01-01,2099-12-31,True,3395
12884.0,United Kingdom,2010-01-01,2099-12-31,True,3396
16141.0,United Kingdom,2010-01-01,2099-12-31,True,3397
17919.0,United Kingdom,2010-01-01,2099-12-31,True,3398
16360.0,United Kingdom,2010-01-01,2099-12-31,True,3399
17433.0,United Kingdom,2010-01-01,2099-12-31,True,3400
13704.0,United Kingdom,2010-01-01,2099-12-31,True,3401
14020.0,United Kingdom,2010-01-01,2099-12-31,True,3402
14359.0,United Kingdom,2010-01-01,2099-12-31,True,3403
16451.0,United Kingdom,2010-01-01,2099-12-31,True,3404
12940.0,United Kingdom,2010-01-01,2099-12-31,True,3405
15216.0,United Kingdom,2010-01-01,2099-12-31,True,3406
15522.0,United Kingdom,2010-01-01,2099-12-31,True,3407
17037.0,United Kingdom,2010-01-01,2099-12-31,True,3408
12822.0,United Kingdom,2010-01-01,2099-12-31,True,3409
15343.0,United Kingdom,2010-01-01,2099-12-31,True,3410
14753.0,United Kingdom,2010-01-01,2099-12-31,True,3411
16959.0,United Kingdom,2010-01-01,2099-12-31,True,3412
18251.0,United Kingdom,2010-01-01,2099-12-31,True,3413
13032.0,United Kingdom,2010-01-01,2099-12-31,True,3414
12895.0,United Kingdom,2010-01-01,2099-12-31,True,3415
17640.0,United Kingdom,2010-01-01,2099-12-31,True,3416
13860.0,United Kingdom,2010-01-01,2099-12-31,True,3417
12756.0,Japan,2010-01-01,2099-12-31,True,3418
18001.0,United Kingdom,2010-01-01,2099-12-31,True,3419
17728.0,United Kingdom,2010-01-01,2099-12-31,True,3420
15933.0,United Kingdom,2010-01-01,2099-12-31,True,3421
14284.0,United Kingdom,2010-01-01,2099-12-31,True,3422
17347.0,United Kingdom,2010-01-01,2099-12-31,True,3423
15103.0,United Kingdom,2010-01-01,2099-12-31,True,3424
15707.0,United Kingdom,2010-01-01,2099-12-31,True,3425
13430.0,United Kingdom,2010-01-01,2099-12-31,True,3426
12566.0,Germany,2010-01-01,2099-12-31,True,3427
13321.0,United Kingdom,2010-01-01,2099-12-31,True,3428
13877.0,United Kingdom,2010-01-01,2099-12-31,True,3429
15272.0,United Kingdom,2010-01-01,2099-12-31,True,3430
15322.0,United Kingdom,2010-01-01,2099-12-31,True,3431
17333.0,United Kingdom,2010-01-01,2099-12-31,True,3432
13518.0,United Kingdom,2010-01-01,2099-12-31,True,3433
14306.0,United Kingdom,2010-01-01,2099-12-31,True,3434
17679.0,United Kingdom,2010-01-01,2099-12-31,True,3435
16160.0,United Kingdom,2010-01-01,2099-12-31,True,3436
15573.0,United Kingdom,2010-01-01,2099-12-31,True,3437
14894.0,United Kingdom,2010-01-01,2099-12-31,True,3438
17434.0,United Kingdom,2010-01-01,2099-12-31,True,3439
15466.0,United Kingdom,2010-01-01,2099-12-31,True,3440
15511.0,United Kingdom,2010-01-01,2099-12-31,True,3441
17846.0,United Kingdom,2010-01-01,2099-12-31,True,3442
16189.0,United Kingdom,2010-01-01,2099-12-31,True,3443
15417.0,United Kingdom,2010-01-01,2099-12-31,True,3444
12995.0,United Kingdom,2010-01-01,2099-12-31,True,3445
14557.0,United Kingdom,2010-01-01,2099-12-31,True,3446
16108.0,United Kingdom,2010-01-01,2099-12-31,True,3447
17144.0,United Kingdom,2010-01-01,2099-12-31,True,3448
16924.0,United Kingdom,2010-01-01,2099-12-31,True,3449
15099.0,United Kingdom,2010-01-01,2099-12-31,True,3450
13323.0,United Kingdom,2010-01-01,2099-12-31,True,3451
14124.0,United Kingdom,2010-01-01,2099-12-31,True,3452
15975.0,United Kingdom,2010-01-01,2099-12-31,True,3453
15523.0,United Kingdom,2010-01-01,2099-12-31,True,3454
16878.0,United Kingdom,2010-01-01,2099-12-31,True,3455
15947.0,United Kingdom,2010-01-01,2099-12-31,True,3456
13247.0,United Kingdom,2010-01-01,2099-12-31,True,3457
13566.0,United Kingdom,2010-01-01,2099-12-31,True,3458
18194.0,United Kingdom,2010-01-01,2099-12-31,True,3459
16689.0,United Kingdom,2010-01-01,2099-12-31,True,3460
16438.0,United Kingdom,2010-01-01,2099-12-31,True,3461
13067.0,United Kingdom,2010-01-01,2099-12-31,True,3462
12457.0,Cyprus,2010-01-01,2099-12-31,True,3463
16460.0,United Kingdom,2010-01-01,2099-12-31,True,3464
13325.0,United Kingdom,2010-01-01,2099-12-31,True,3465
12640.0,France,2010-01-01,2099-12-31,True,3466
13774.0,United Kingdom,2010-01-01,2099-12-31,True,3467
12497.0,Germany,2010-01-01,2099-12-31,True,3468
12752.0,Norway,2010-01-01,2099-12-31,True,3469
15504.0,United Kingdom,2010-01-01,2099-12-31,True,3470
15500.0,United Kingdom,2010-01-01,2099-12-31,True,3471
17557.0,United Kingdom,2010-01-01,2099-12-31,True,3472
13228.0,United Kingdom,2010-01-01,2099-12-31,True,3473
14356.0,United Kingdom,2010-01-01,2099-12-31,True,3474
13416.0,United Kingdom,2010-01-01,2099-12-31,True,3475
17628.0,United Kingdom,2010-01-01,2099-12-31,True,3476
16527.0,United Kingdom,2010-01-01,2099-12-31,True,3477
15341.0,United Kingdom,2010-01-01,2099-12-31,True,3478
16215.0,United Kingdom,2010-01-01,2099-12-31,True,3479
14164.0,United Kingdom,2010-01-01,2099-12-31,True,3480
15888.0,United Kingdom,2010-01-01,2099-12-31,True,3481
17564.0,United Kingdom,2010-01-01,2099-12-31,True,3482
13356.0,United Kingdom,2010-01-01,2099-12-31,True,3483
12390.0,Belgium,2010-01-01,2099-12-31,True,3484
18228.0,United Kingdom,2010-01-01,2099-12-31,True,3485
17415.0,United Kingdom,2010-01-01,2099-12-31,True,3486
13350.0,United Kingdom,2010-01-01,2099-12-31,True,3487
12550.0,Spain,2010-01-01,2099-12-31,True,3488
16627.0,United Kingdom,2010-01-01,2099-12-31,True,3489
17475.0,United Kingdom,2010-01-01,2099-12-31,True,3490
14951.0,United Kingdom,2010-01-01,2099-12-31,True,3491
14780.0,United Kingdom,2010-01-01,2099-12-31,True,3492
14887.0,United Kingdom,2010-01-01,2099-12-31,True,3493
15399.0,United Kingdom,2010-01-01,2099-12-31,True,3494
17466.0,United Kingdom,2010-01-01,2099-12-31,True,3495
16379.0,United Kingdom,2010-01-01,2099-12-31,True,3496
17172.0,United Kingdom,2010-01-01,2099-12-31,True,3497
15239.0,United Kingdom,2010-01-01,2099-12-31,True,3498
16213.0,United Kingdom,2010-01-01,2099-12-31,True,3499
15603.0,United Kingdom,2010-01-01,2099-12-31,True,3500
14261.0,United Kingdom,2010-01-01,2099-12-31,True,3501
12657.0,France,2010-01-01,2099-12-31,True,3502
15571.0,United Kingdom,2010-01-01,2099-12-31,True,3503
15484.0,United Kingdom,2010-01-01,2099-12-31,True,3504
12936.0,United Kingdom,2010-01-01,2099-12-31,True,3505
16236.0,United Kingdom,2010-01-01,2099-12-31,True,3506
16669.0,United Kingdom,2010-01-01,2099-12-31,True,3507
17603.0,United Kingdom,2010-01-01,2099-12-31,True,3508
15398.0,United Kingdom,2010-01-01,2099-12-31,True,3509
12906.0,United Kingdom,2010-01-01,2099-12-31,True,3510
17079.0,United Kingdom,2010-01-01,2099-12-31,True,3511
14125.0,United Kingdom,2010-01-01,2099-12-31,True,3512
17163.0,United Kingdom,2010-01-01,2099-12-31,True,3513
12952.0,United Kingdom,2010-01-01,2099-12-31,True,3514
12579.0,France,2010-01-01,2099-12-31,True,3515
13279.0,United Kingdom,2010-01-01,2099-12-31,True,3516
12425.0,Portugal,2010-01-01,2099-12-31,True,3517
16715.0,United Kingdom,2010-01-01,2099-12-31,True,3518
13519.0,United Kingdom,2010-01-01,2099-12-31,True,3519
12546.0,Spain,2010-01-01,2099-12-31,True,3520
15744.0,United Kingdom,2010-01-01,2099-12-31,True,3521
13127.0,United Kingdom,2010-01-01,2099-12-31,True,3522
15714.0,United Kingdom,2010-01-01,2099-12-31,True,3523
17480.0,United Kingdom,2010-01-01,2099-12-31,True,3524
15763.0,United Kingdom,2010-01-01,2099-12-31,True,3525
15075.0,United Kingdom,2010-01-01,2099-12-31,True,3526
16978.0,United Kingdom,2010-01-01,2099-12-31,True,3527
14014.0,United Kingdom,2010-01-01,2099-12-31,True,3528
16240.0,United Kingdom,2010-01-01,2099-12-31,True,3529
13336.0,United Kingdom,2010-01-01,2099-12-31,True,3530
14652.0,United Kingdom,2010-01-01,2099-12-31,True,3531
15807.0,United Kingdom,2010-01-01,2099-12-31,True,3532
15762.0,United Kingdom,2010-01-01,2099-12-31,True,3533
15475.0,United Kingdom,2010-01-01,2099-12-31,True,3534
15978.0,United Kingdom,2010-01-01,2099-12-31,True,3535
16485.0,United Kingdom,2010-01-01,2099-12-31,True,3536
12488.0,France,2010-01-01,2099-12-31,True,3537
13083.0,United Kingdom,2010-01-01,2099-12-31,True,3538
16169.0,United Kingdom,2010-01-01,2099-12-31,True,3539
17506.0,United Kingdom,2010-01-01,2099-12-31,True,3540
16480.0,United Kingdom,2010-01-01,2099-12-31,True,3541
17006.0,United Kingdom,2010-01-01,2099-12-31,True,3542
17498.0,United Kingdom,2010-01-01,2099-12-31,True,3543
17131.0,United Kingdom,2010-01-01,2099-12-31,True,3544
13536.0,United Kingdom,2010-01-01,2099-12-31,True,3545
15429.0,United Kingdom,2010-01-01,2099-12-31,True,3546
17154.0,United Kingdom,2010-01-01,2099-12-31,True,3547
16594.0,United Kingdom,2010-01-01,2099-12-31,True,3548
16049.0,United Kingdom,2010-01-01,2099-12-31,True,3549
14757.0,United Kingdom,2010-01-01,2099-12-31,True,3550
16198.0,United Kingdom,2010-01-01,2099-12-31,True,3551
13670.0,United Kingdom,2010-01-01,2099-12-31,True,3552
18066.0,United Kingdom,2010-01-01,2099-12-31,True,3553
14806.0,United Kingdom,2010-01-01,2099-12-31,True,3554
12783.0,Portugal,2010-01-01,2099-12-31,True,3555
13429.0,United Kingdom,2010-01-01,2099-12-31,True,3556
15154.0,United Kingdom,2010-01-01,2099-12-31,True,3557
13390.0,United Kingdom,2010-01-01,2099-12-31,True,3558
12925.0,United Kingdom,2010-01-01,2099-12-31,True,3559
13927.0,United Kingdom,2010-01-01,2099-12-31,True,3560
18205.0,United Kingdom,2010-01-01,2099-12-31,True,3561
14908.0,United Kingdom,2010-01-01,2099-12-31,True,3562
13639.0,United Kingdom,2010-01-01,2099-12-31,True,3563
15958.0,United Kingdom,2010-01-01,2099-12-31,True,3564
15492.0,United Kingdom,2010-01-01,2099-12-31,True,3565
15243.0,United Kingdom,2010-01-01,2099-12-31,True,3566
16468.0,United Kingdom,2010-01-01,2099-12-31,True,3567
15344.0,United Kingdom,2010-01-01,2099-12-31,True,3568
13866.0,United Kingdom,2010-01-01,2099-12-31,True,3569
12612.0,Germany,2010-01-01,2099-12-31,True,3570
16999.0,United Kingdom,2010-01-01,2099-12-31,True,3571
13514.0,United Kingdom,2010-01-01,2099-12-31,True,3572
13314.0,United Kingdom,2010-01-01,2099-12-31,True,3573
17805.0,United Kingdom,2010-01-01,2099-12-31,True,3574
18278.0,United Kingdom,2010-01-01,2099-12-31,True,3575
13979.0,United Kingdom,2010-01-01,2099-12-31,True,3576
16181.0,United Kingdom,2010-01-01,2099-12-31,True,3577
15568.0,United Kingdom,2010-01-01,2099-12-31,True,3578
16354.0,United Kingdom,2010-01-01,2099-12-31,True,3579
14412.0,United Kingdom,2010-01-01,2099-12-31,True,3580
16119.0,United Kingdom,2010-01-01,2099-12-31,True,3581
14109.0,United Kingdom,2010-01-01,2099-12-31,True,3582
16157.0,United Kingdom,2010-01-01,2099-12-31,True,3583
15348.0,United Kingdom,2010-01-01,2099-12-31,True,3584
16281.0,United Kingdom,2010-01-01,2099-12-31,True,3585
13924.0,United Kingdom,2010-01-01,2099-12-31,True,3586
14434.0,United Kingdom,2010-01-01,2099-12-31,True,3587
13061.0,United Kingdom,2010-01-01,2099-12-31,True,3588
17513.0,United Kingdom,2010-01-01,2099-12-31,True,3589
16909.0,United Kingdom,2010-01-01,2099-12-31,True,3590
16650.0,United Kingdom,2010-01-01,2099-12-31,True,3591
18192.0,United Kingdom,2010-01-01,2099-12-31,True,3592
17447.0,United Kingdom,2010-01-01,2099-12-31,True,3593
17427.0,United Kingdom,2010-01-01,2099-12-31,True,3594
15175.0,United Kingdom,2010-01-01,2099-12-31,True,3595
13960.0,United Kingdom,2010-01-01,2099-12-31,True,3596
17528.0,United Kingdom,2010-01-01,2099-12-31,True,3597
16361.0,United Kingdom,2010-01-01,2099-12-31,True,3598
13886.0,United Kingdom,2010-01-01,2099-12-31,True,3599
13354.0,United Kingdom,2010-01-01,2099-12-31,True,3600
15050.0,United Kingdom,2010-01-01,2099-12-31,True,3601
13503.0,United Kingdom,2010-01-01,2099-12-31,True,3602
16653.0,United Kingdom,2010-01-01,2099-12-31,True,3603
16574.0,United Kingdom,2010-01-01,2099-12-31,True,3604
13759.0,United Kingdom,2010-01-01,2099-12-31,True,3605
17813.0,United Kingdom,2010-01-01,2099-12-31,True,3606
12718.0,France,2010-01-01,2099-12-31,True,3607
15949.0,United Kingdom,2010-01-01,2099-12-31,True,3608
12703.0,Germany,2010-01-01,2099-12-31,True,3609
13364.0,United Kingdom,2010-01-01,2099-12-31,True,3610
16268.0,United Kingdom,2010-01-01,2099-12-31,True,3611
18053.0,United Kingdom,2010-01-01,2099-12-31,True,3612
16101.0,United Kingdom,2010-01-01,2099-12-31,True,3613
15565.0,United Kingdom,2010-01-01,2099-12-31,True,3614
18217.0,United Kingdom,2010-01-01,2099-12-31,True,3615
13954.0,United Kingdom,2010-01-01,2099-12-31,True,3616
15593.0,United Kingdom,2010-01-01,2099-12-31,True,3617
13095.0,United Kingdom,2010-01-01,2099-12-31,True,3618
15287.0,United Kingdom,2010-01-01,2099-12-31,True,3619
13347.0,United Kingdom,2010-01-01,2099-12-31,True,3620
15185.0,United Kingdom,2010-01-01,2099-12-31,True,3621
16404.0,United Kingdom,2010-01-01,2099-12-31,True,3622
16613.0,United Kingdom,2010-01-01,2099-12-31,True,3623
16591.0,United Kingdom,2010-01-01,2099-12-31,True,3624
15774.0,United Kingdom,2010-01-01,2099-12-31,True,3625
13558.0,United Kingdom,2010-01-01,2099-12-31,True,3626
16930.0,United Kingdom,2010-01-01,2099-12-31,True,3627
16533.0,United Kingdom,2010-01-01,2099-12-31,True,3628
18059.0,United Kingdom,2010-01-01,2099-12-31,True,3629
14488.0,United Kingdom,2010-01-01,2099-12-31,True,3630
16747.0,United Kingdom,2010-01-01,2099-12-31,True,3631
14333.0,United Kingdom,2010-01-01,2099-12-31,True,3632
13635.0,United Kingdom,2010-01-01,2099-12-31,True,3633
17330.0,United Kingdom,2010-01-01,2099-12-31,True,3634
17321.0,United Kingdom,2010-01-01,2099-12-31,True,3635
14815.0,United Kingdom,2010-01-01,2099-12-31,True,3636
15091.0,United Kingdom,2010-01-01,2099-12-31,True,3637
15088.0,United Kingdom,2010-01-01,2099-12-31,True,3638
15930.0,United Kingdom,2010-01-01,2099-12-31,True,3639
16183.0,United Kingdom,2010-01-01,2099-12-31,True,3640
13297.0,United Kingdom,2010-01-01,2099-12-31,True,3641
13801.0,United Kingdom,2010-01-01,2099-12-31,True,3642
16881.0,United Kingdom,2010-01-01,2099-12-31,True,3643
17014.0,United Kingdom,2010-01-01,2099-12-31,True,3644
15255.0,United Kingdom,2010-01-01,2099-12-31,True,3645
14184.0,United Kingdom,2010-01-01,2099-12-31,True,3646
13351.0,United Kingdom,2010-01-01,2099-12-31,True,3647
15739.0,United Kingdom,2010-01-01,2099-12-31,True,3648
12512.0,Israel,2010-01-01,2099-12-31,True,3649
17957.0,United Kingdom,2010-01-01,2099-12-31,True,3650
15276.0,United Kingdom,2010-01-01,2099-12-31,True,3651
15127.0,United Kingdom,2010-01-01,2099-12-31,True,3652
16106.0,United Kingdom,2010-01-01,2099-12-31,True,3653
17666.0,United Kingdom,2010-01-01,2099-12-31,True,3654
13483.0,United Kingdom,2010-01-01,2099-12-31,True,3655
16478.0,United Kingdom,2010-01-01,2099-12-31,True,3656
17382.0,United Kingdom,2010-01-01,2099-12-31,True,3657
12789.0,Netherlands,2010-01-01,2099-12-31,True,3658
16020.0,United Kingdom,2010-01-01,2099-12-31,True,3659
17222.0,United Kingdom,2010-01-01,2099-12-31,True,3660
16803.0,United Kingdom,2010-01-01,2099-12-31,True,3661
13947.0,United Kingdom,2010-01-01,2099-12-31,True,3662
16758.0,United Kingdom,2010-01-01,2099-12-31,True,3663
12719.0,France,2010-01-01,2099-12-31,True,3664
17647.0,United Kingdom,2010-01-01,2099-12-31,True,3665
14054.0,United Kingdom,2010-01-01,2099-12-31,True,3666
12723.0,France,2010-01-01,2099-12-31,True,3667
18033.0,United Kingdom,2010-01-01,2099-12-31,True,3668
13845.0,United Kingdom,2010-01-01,2099-12-31,True,3669
15837.0,United Kingdom,2010-01-01,2099-12-31,True,3670
12628.0,Germany,2010-01-01,2099-12-31,True,3671
13177.0,United Kingdom,2010-01-01,2099-12-31,True,3672
14317.0,United Kingdom,2010-01-01,2099-12-31,True,3673
16295.0,United Kingdom,2010-01-01,2099-12-31,True,3674
13602.0,United Kingdom,2010-01-01,2099-12-31,True,3675
16895.0,United Kingdom,2010-01-01,2099-12-31,True,3676
17295.0,United Kingdom,2010-01-01,2099-12-31,True,3677
13504.0,United Kingdom,2010-01-01,2099-12-31,True,3678
13422.0,United Kingdom,2010-01-01,2099-12-31,True,3679
15264.0,United Kingdom,2010-01-01,2099-12-31,True,3680
16432.0,United Kingdom,2010-01-01,2099-12-31,True,3681
13816.0,Germany,2010-01-01,2099-12-31,True,3682
14518.0,United Kingdom,2010-01-01,2099-12-31,True,3683
13882.0,United Kingdom,2010-01-01,2099-12-31,True,3684
15937.0,United Kingdom,2010-01-01,2099-12-31,True,3685
12923.0,United Kingdom,2010-01-01,2099-12-31,True,3686
16454.0,United Kingdom,2010-01-01,2099-12-31,True,3687
17453.0,United Kingdom,2010-01-01,2099-12-31,True,3688
15766.0,United Kingdom,2010-01-01,2099-12-31,True,3689
15300.0,United Kingdom,2010-01-01,2099-12-31,True,3690
13348.0,United Kingdom,2010-01-01,2099-12-31,True,3691
14592.0,United Kingdom,2010-01-01,2099-12-31,True,3692
12394.0,Denmark,2010-01-01,2099-12-31,True,3693
17030.0,United Kingdom,2010-01-01,2099-12-31,True,3694
12420.0,Cyprus,2010-01-01,2099-12-31,True,3695
14427.0,United Kingdom,2010-01-01,2099-12-31,True,3696
14792.0,United Kingdom,2010-01-01,2099-12-31,True,3697
12519.0,Germany,2010-01-01,2099-12-31,True,3698
13359.0,United Kingdom,2010-01-01,2099-12-31,True,3699
14138.0,United Kingdom,2010-01-01,2099-12-31,True,3700
15297.0,United Kingdom,2010-01-01,2099-12-31,True,3701
13876.0,United Kingdom,2010-01-01,2099-12-31,True,3702
12740.0,France,2010-01-01,2099-12-31,True,3703
17086.0,United Kingdom,2010-01-01,2099-12-31,True,3704
13806.0,United Kingdom,2010-01-01,2099-12-31,True,3705
18096.0,United Kingdom,2010-01-01,2099-12-31,True,3706
13587.0,United Kingdom,2010-01-01,2099-12-31,True,3707
12856.0,United Kingdom,2010-01-01,2099-12-31,True,3708
13419.0,United Kingdom,2010-01-01,2099-12-31,True,3709
17509.0,United Kingdom,2010-01-01,2099-12-31,True,3710
16900.0,United Kingdom,2010-01-01,2099-12-31,True,3711
13689.0,United Kingdom,2010-01-01,2099-12-31,True,3712
13763.0,United Kingdom,2010-01-01,2099-12-31,True,3713
13755.0,United Kingdom,2010-01-01,2099-12-31,True,3714
16104.0,United Kingdom,2010-01-01,2099-12-31,True,3715
13259.0,United Kingdom,2010-01-01,2099-12-31,True,3716
16248.0,United Kingdom,2010-01-01,2099-12-31,True,3717
15612.0,United Kingdom,2010-01-01,2099-12-31,True,3718
15787.0,United Kingdom,2010-01-01,2099-12-31,True,3719
16595.0,United Kingdom,2010-01-01,2099-12-31,True,3720
13260.0,United Kingdom,2010-01-01,2099-12-31,True,3721
15821.0,United Kingdom,2010-01-01,2099-12-31,True,3722
18088.0,United Kingdom,2010-01-01,2099-12-31,True,3723
16685.0,United Kingdom,2010-01-01,2099-12-31,True,3724
13193.0,United Kingdom,2010-01-01,2099-12-31,True,3725
13212.0,United Kingdom,2010-01-01,2099-12-31,True,3726
14801.0,United Kingdom,2010-01-01,2099-12-31,True,3727
16380.0,United Kingdom,2010-01-01,2099-12-31,True,3728
16921.0,United Kingdom,2010-01-01,2099-12-31,True,3729
15193.0,United Kingdom,2010-01-01,2099-12-31,True,3730
14027.0,United Kingdom,2010-01-01,2099-12-31,True,3731
16179.0,United Kingdom,2010-01-01,2099-12-31,True,3732
15473.0,United Kingdom,2010-01-01,2099-12-31,True,3733
17425.0,United Kingdom,2010-01-01,2099-12-31,True,3734
18169.0,United Kingdom,2010-01-01,2099-12-31,True,3735
18126.0,United Kingdom,2010-01-01,2099-12-31,True,3736
16688.0,United Kingdom,2010-01-01,2099-12-31,True,3737
16982.0,United Kingdom,2010-01-01,2099-12-31,True,3738
15330.0,United Kingdom,2010-01-01,2099-12-31,True,3739
17186.0,United Kingdom,2010-01-01,2099-12-31,True,3740
13685.0,United Kingdom,2010-01-01,2099-12-31,True,3741
16776.0,United Kingdom,2010-01-01,2099-12-31,True,3742
13980.0,United Kingdom,2010-01-01,2099-12-31,True,3743
13352.0,United Kingdom,2010-01-01,2099-12-31,True,3744
15553.0,United Kingdom,2010-01-01,2099-12-31,True,3745
15886.0,United Kingdom,2010-01-01,2099-12-31,True,3746
17203.0,United Kingdom,2010-01-01,2099-12-31,True,3747
12607.0,USA,2010-01-01,2099-12-31,True,3748
17459.0,United Kingdom,2010-01-01,2099-12-31,True,3749
12772.0,Portugal,2010-01-01,2099-12-31,True,3750
16561.0,United Kingdom,2010-01-01,2099-12-31,True,3751
14121.0,United Kingdom,2010-01-01,2099-12-31,True,3752
12371.0,Switzerland,2010-01-01,2099-12-31,True,3753
17119.0,United Kingdom,2010-01-01,2099-12-31,True,3754
17620.0,United Kingdom,2010-01-01,2099-12-31,True,3755
12824.0,United Kingdom,2010-01-01,2099-12-31,True,3756
14710.0,United Kingdom,2010-01-01,2099-12-31,True,3757
16120.0,United Kingdom,2010-01-01,2099-12-31,True,3758
14624.0,United Kingdom,2010-01-01,2099-12-31,True,3759
16171.0,United Kingdom,2010-01-01,2099-12-31,True,3760
12536.0,France,2010-01-01,2099-12-31,True,3761
13690.0,United Kingdom,2010-01-01,2099-12-31,True,3762
17934.0,United Kingdom,2010-01-01,2099-12-31,True,3763
14642.0,United Kingdom,2010-01-01,2099-12-31,True,3764
12602.0,France,2010-01-01,2099-12-31,True,3765
16753.0,United Kingdom,2010-01-01,2099-12-31,True,3766
17737.0,United Kingdom,2010-01-01,2099-12-31,True,3767
13464.0,United Kingdom,2010-01-01,2099-12-31,True,3768
18277.0,United Kingdom,2010-01-01,2099-12-31,True,3769
12667.0,Finland,2010-01-01,2099-12-31,True,3770
12498.0,Germany,2010-01-01,2099-12-31,True,3771
14537.0,United Kingdom,2010-01-01,2099-12-31,True,3772
17279.0,United Kingdom,2010-01-01,2099-12-31,True,3773
14251.0,United Kingdom,2010-01-01,2099-12-31,True,3774
12446.0,RSA,2010-01-01,2099-12-31,True,3775
12631.0,Finland,2010-01-01,2099-12-31,True,3776
14234.0,United Kingdom,2010-01-01,2099-12-31,True,3777
14975.0,United Kingdom,2010-01-01,2099-12-31,True,3778
13853.0,United Kingdom,2010-01-01,2099-12-31,True,3779
16773.0,United Kingdom,2010-01-01,2099-12-31,True,3780
16430.0,United Kingdom,2010-01-01,2099-12-31,True,3781
16793.0,United Kingdom,2010-01-01,2099-12-31,True,3782
18130.0,United Kingdom,2010-01-01,2099-12-31,True,3783
17614.0,United Kingdom,2010-01-01,2099-12-31,True,3784
13858.0,United Kingdom,2010-01-01,2099-12-31,True,3785
14856.0,United Kingdom,2010-01-01,2099-12-31,True,3786
14089.0,United Kingdom,2010-01-01,2099-12-31,True,3787
15478.0,United Kingdom,2010-01-01,2099-12-31,True,3788
16413.0,United Kingdom,2010-01-01,2099-12-31,True,3789
13810.0,Germany,2010-01-01,2099-12-31,True,3790
16416.0,United Kingdom,2010-01-01,2099-12-31,True,3791
13006.0,United Kingdom,2010-01-01,2099-12-31,True,3792
17986.0,United Kingdom,2010-01-01,2099-12-31,True,3793
12454.0,Spain,2010-01-01,2099-12-31,True,3794
14910.0,United Kingdom,2010-01-01,2099-12-31,True,3795
16243.0,United Kingdom,2010-01-01,2099-12-31,True,3796
13878.0,United Kingdom,2010-01-01,2099-12-31,True,3797
16934.0,United Kingdom,2010-01-01,2099-12-31,True,3798
15994.0,United Kingdom,2010-01-01,2099-12-31,True,3799
14547.0,United Kingdom,2010-01-01,2099-12-31,True,3800
16052.0,United Kingdom,2010-01-01,2099-12-31,True,3801
15113.0,United Kingdom,2010-01-01,2099-12-31,True,3802
12475.0,Germany,2010-01-01,2099-12-31,True,3803
16542.0,United Kingdom,2010-01-01,2099-12-31,True,3804
18042.0,United Kingdom,2010-01-01,2099-12-31,True,3805
16563.0,United Kingdom,2010-01-01,2099-12-31,True,3806
17201.0,United Kingdom,2010-01-01,2099-12-31,True,3807
17520.0,United Kingdom,2010-01-01,2099-12-31,True,3808
13923.0,United Kingdom,2010-01-01,2099-12-31,True,3809
16412.0,United Kingdom,2010-01-01,2099-12-31,True,3810
17205.0,United Kingdom,2010-01-01,2099-12-31,True,3811
17534.0,United Kingdom,2010-01-01,2099-12-31,True,3812
15335.0,United Kingdom,2010-01-01,2099-12-31,True,3813
16737.0,United Kingdom,2010-01-01,2099-12-31,True,3814
15066.0,United Kingdom,2010-01-01,2099-12-31,True,3815
17206.0,United Kingdom,2010-01-01,2099-12-31,True,3816
17785.0,United Kingdom,2010-01-01,2099-12-31,True,3817
16932.0,United Kingdom,2010-01-01,2099-12-31,True,3818
16363.0,United Kingdom,2010-01-01,2099-12-31,True,3819
14830.0,United Kingdom,2010-01-01,2099-12-31,True,3820
17244.0,United Kingdom,2010-01-01,2099-12-31,True,3821
15355.0,United Kingdom,2010-01-01,2099-12-31,True,3822
15598.0,United Kingdom,2010-01-01,2099-12-31,True,3823
15637.0,United Kingdom,2010-01-01,2099-12-31,True,3824
16848.0,United Kingdom,2010-01-01,2099-12-31,True,3825
15678.0,United Kingdom,2010-01-01,2099-12-31,True,3826
14015.0,United Kingdom,2010-01-01,2099-12-31,True,3827
13594.0,United Kingdom,2010-01-01,2099-12-31,True,3828
15327.0,United Kingdom,2010-01-01,2099-12-31,True,3829
14861.0,United Kingdom,2010-01-01,2099-12-31,True,3830
14554.0,United Kingdom,2010-01-01,2099-12-31,True,3831
12611.0,Italy,2010-01-01,2099-12-31,True,3832
14179.0,United Kingdom,2010-01-01,2099-12-31,True,3833
12863.0,United Kingdom,2010-01-01,2099-12-31,True,3834
15604.0,United Kingdom,2010-01-01,2099-12-31,True,3835
14381.0,United Kingdom,2010-01-01,2099-12-31,True,3836
12572.0,Germany,2010-01-01,2099-12-31,True,3837
16123.0,United Kingdom,2010-01-01,2099-12-31,True,3838
16851.0,United Kingdom,2010-01-01,2099-12-31,True,3839
17148.0,United Kingdom,2010-01-01,2099-12-31,True,3840
17549.0,United Kingdom,2010-01-01,2099-12-31,True,3841
17973.0,United Kingdom,2010-01-01,2099-12-31,True,3842
15610.0,United Kingdom,2010-01-01,2099-12-31,True,3843
15853.0,United Kingdom,2010-01-01,2099-12-31,True,3844
18019.0,United Kingdom,2010-01-01,2099-12-31,True,3845
14698.0,United Kingdom,2010-01-01,2099-12-31,True,3846
15468.0,United Kingdom,2010-01-01,2099-12-31,True,3847
16826.0,United Kingdom,2010-01-01,2099-12-31,True,3848
17824.0,United Kingdom,2010-01-01,2099-12-31,True,3849
12522.0,Germany,2010-01-01,2099-12-31,True,3850
15803.0,United Kingdom,2010-01-01,2099-12-31,True,3851
15006.0,United Kingdom,2010-01-01,2099-12-31,True,3852
17350.0,United Kingdom,2010-01-01,2099-12-31,True,3853
14799.0,United Kingdom,2010-01-01,2099-12-31,True,3854
15814.0,United Kingdom,2010-01-01,2099-12-31,True,3855
16260.0,United Kingdom,2010-01-01,2099-12-31,True,3856
14638.0,United Kingdom,2010-01-01,2099-12-31,True,3857
17354.0,United Kingdom,2010-01-01,2099-12-31,True,3858
15664.0,United Kingdom,2010-01-01,2099-12-31,True,3859
13245.0,United Kingdom,2010-01-01,2099-12-31,True,3860
14923.0,United Kingdom,2010-01-01,2099-12-31,True,3861
16177.0,United Kingdom,2010-01-01,2099-12-31,True,3862
13366.0,United Kingdom,2010-01-01,2099-12-31,True,3863
16284.0,United Kingdom,2010-01-01,2099-12-31,True,3864
16846.0,United Kingdom,2010-01-01,2099-12-31,True,3865
14484.0,United Kingdom,2010-01-01,2099-12-31,True,3866
13897.0,United Kingdom,2010-01-01,2099-12-31,True,3867
14585.0,United Kingdom,2010-01-01,2099-12-31,True,3868
17125.0,United Kingdom,2010-01-01,2099-12-31,True,3869
15836.0,United Kingdom,2010-01-01,2099-12-31,True,3870
16313.0,United Kingdom,2010-01-01,2099-12-31,True,3871
13460.0,United Kingdom,2010-01-01,2099-12-31,True,3872
12403.0,Denmark,2010-01-01,2099-12-31,True,3873
14967.0,United Kingdom,2010-01-01,2099-12-31,True,3874
15286.0,United Kingdom,2010-01-01,2099-12-31,True,3875
17832.0,United Kingdom,2010-01-01,2099-12-31,True,3876
12646.0,USA,2010-01-01,2099-12-31,True,3877
16015.0,United Kingdom,2010-01-01,2099-12-31,True,3878
16311.0,United Kingdom,2010-01-01,2099-12-31,True,3879
15740.0,United Kingdom,2010-01-01,2099-12-31,True,3880
13974.0,United Kingdom,2010-01-01,2099-12-31,True,3881
15677.0,United Kingdom,2010-01-01,2099-12-31,True,3882
15000.0,United Kingdom,2010-01-01,2099-12-31,True,3883
16017.0,United Kingdom,2010-01-01,2099-12-31,True,3884
13471.0,United Kingdom,2010-01-01,2099-12-31,True,3885
13598.0,United Kingdom,2010-01-01,2099-12-31,True,3886
18005.0,United Kingdom,2010-01-01,2099-12-31,True,3887
15427.0,United Kingdom,2010-01-01,2099-12-31,True,3888
15022.0,United Kingdom,2010-01-01,2099-12-31,True,3889
17111.0,United Kingdom,2010-01-01,2099-12-31,True,3890
17836.0,United Kingdom,2010-01-01,2099-12-31,True,3891
14629.0,United Kingdom,2010-01-01,2099-12-31,True,3892
15592.0,United Kingdom,2010-01-01,2099-12-31,True,3893
15277.0,United Kingdom,2010-01-01,2099-12-31,True,3894
16491.0,United Kingdom,2010-01-01,2099-12-31,True,3895
15516.0,United Kingdom,2010-01-01,2099-12-31,True,3896
14764.0,United Kingdom,2010-01-01,2099-12-31,True,3897
16742.0,United Kingdom,2010-01-01,2099-12-31,True,3898
15142.0,United Kingdom,2010-01-01,2099-12-31,True,3899
17344.0,United Kingdom,2010-01-01,2099-12-31,True,3900
18240.0,United Kingdom,2010-01-01,2099-12-31,True,3901
17081.0,United Kingdom,2010-01-01,2099-12-31,True,3902
14474.0,United Kingdom,2010-01-01,2099-12-31,True,3903
14139.0,United Kingdom,2010-01-01,2099-12-31,True,3904
15844.0,United Kingdom,2010-01-01,2099-12-31,True,3905
13176.0,United Kingdom,2010-01-01,2099-12-31,True,3906
12398.0,Switzerland,2010-01-01,2099-12-31,True,3907
15345.0,United Kingdom,2010-01-01,2099-12-31,True,3908
16708.0,United Kingdom,2010-01-01,2099-12-31,True,3909
15963.0,United Kingdom,2010-01-01,2099-12-31,True,3910
18045.0,United Kingdom,2010-01-01,2099-12-31,True,3911
13182.0,United Kingdom,2010-01-01,2099-12-31,True,3912
15158.0,United Kingdom,2010-01-01,2099-12-31,True,3913
13028.0,United Kingdom,2010-01-01,2099-12-31,True,3914
13978.0,United Kingdom,2010-01-01,2099-12-31,True,3915
16056.0,United Kingdom,2010-01-01,2099-12-31,True,3916
12812.0,Japan,2010-01-01,2099-12-31,True,3917
16071.0,United Kingdom,2010-01-01,2099-12-31,True,3918
14539.0,United Kingdom,2010-01-01,2099-12-31,True,3919
14550.0,United Kingdom,2010-01-01,2099-12-31,True,3920
17712.0,United Kingdom,2010-01-01,2099-12-31,True,3921
14102.0,United Kingdom,2010-01-01,2099-12-31,True,3922
14598.0,United Kingdom,2010-01-01,2099-12-31,True,3923
15320.0,United Kingdom,2010-01-01,2099-12-31,True,3924
16415.0,United Kingdom,2010-01-01,2099-12-31,True,3925
12448.0,Spain,2010-01-01,2099-12-31,True,3926
12827.0,United Kingdom,2010-01-01,2099-12-31,True,3927
16345.0,United Kingdom,2010-01-01,2099-12-31,True,3928
15993.0,United Kingdom,2010-01-01,2099-12-31,True,3929
17895.0,United Kingdom,2010-01-01,2099-12-31,True,3930
15948.0,United Kingdom,2010-01-01,2099-12-31,True,3931
15659.0,United Kingdom,2010-01-01,2099-12-31,True,3932
18154.0,United Kingdom,2010-01-01,2099-12-31,True,3933
12630.0,Finland,2010-01-01,2099-12-31,True,3934
13363.0,United Kingdom,2010-01-01,2099-12-31,True,3935
18276.0,United Kingdom,2010-01-01,2099-12-31,True,3936
17684.0,United Kingdom,2010-01-01,2099-12-31,True,3937
17878.0,United Kingdom,2010-01-01,2099-12-31,True,3938
14752.0,United Kingdom,2010-01-01,2099-12-31,True,3939
16847.0,United Kingdom,2010-01-01,2099-12-31,True,3940
14971.0,United Kingdom,2010-01-01,2099-12-31,True,3941
17545.0,United Kingdom,2010-01-01,2099-12-31,True,3942
16026.0,United Kingdom,2010-01-01,2099-12-31,True,3943
16513.0,United Kingdom,2010-01-01,2099-12-31,True,3944
12430.0,Norway,2010-01-01,2099-12-31,True,3945
14357.0,United Kingdom,2010-01-01,2099-12-31,True,3946
16855.0,United Kingdom,2010-01-01,2099-12-31,True,3947
16680.0,United Kingdom,2010-01-01,2099-12-31,True,3948
18035.0,United Kingdom,2010-01-01,2099-12-31,True,3949
16648.0,United Kingdom,2010-01-01,2099-12-31,True,3950
16164.0,United Kingdom,2010-01-01,2099-12-31,True,3951
14218.0,United Kingdom,2010-01-01,2099-12-31,True,3952
15096.0,United Kingdom,2010-01-01,2099-12-31,True,3953
18030.0,United Kingdom,2010-01-01,2099-12-31,True,3954
14416.0,United Kingdom,2010-01-01,2099-12-31,True,3955
17839.0,United Kingdom,2010-01-01,2099-12-31,True,3956
16601.0,United Kingdom,2010-01-01,2099-12-31,True,3957
12912.0,United Kingdom,2010-01-01,2099-12-31,True,3958
13278.0,United Kingdom,2010-01-01,2099-12-31,True,3959
14582.0,United Kingdom,2010-01-01,2099-12-31,True,3960
15748.0,United Kingdom,2010-01-01,2099-12-31,True,3961
16079.0,United Kingdom,2010-01-01,2099-12-31,True,3962
17590.0,United Kingdom,2010-01-01,2099-12-31,True,3963
15054.0,United Kingdom,2010-01-01,2099-12-31,True,3964
14158.0,United Kingdom,2010-01-01,2099-12-31,True,3965
15385.0,United Kingdom,2010-01-01,2099-12-31,True,3966
16506.0,United Kingdom,2010-01-01,2099-12-31,True,3967
14295.0,United Kingdom,2010-01-01,2099-12-31,True,3968
13822.0,United Kingdom,2010-01-01,2099-12-31,True,3969
18067.0,United Kingdom,2010-01-01,2099-12-31,True,3970
16190.0,United Kingdom,2010-01-01,2099-12-31,True,3971
15444.0,United Kingdom,2010-01-01,2099-12-31,True,3972
13607.0,United Kingdom,2010-01-01,2099-12-31,True,3973
12581.0,Germany,2010-01-01,2099-12-31,True,3974
15360.0,United Kingdom,2010-01-01,2099-12-31,True,3975
13103.0,United Kingdom,2010-01-01,2099-12-31,True,3976
15667.0,United Kingdom,2010-01-01,2099-12-31,True,3977
13651.0,United Kingdom,2010-01-01,2099-12-31,True,3978
12552.0,Italy,2010-01-01,2099-12-31,True,3979
16127.0,United Kingdom,2010-01-01,2099-12-31,True,3980
12588.0,Finland,2010-01-01,2099-12-31,True,3981
15977.0,United Kingdom,2010-01-01,2099-12-31,True,3982
13697.0,United Kingdom,2010-01-01,2099-12-31,True,3983
14345.0,United Kingdom,2010-01-01,2099-12-31,True,3984
17503.0,United Kingdom,2010-01-01,2099-12-31,True,3985
16830.0,United Kingdom,2010-01-01,2099-12-31,True,3986
17495.0,United Kingdom,2010-01-01,2099-12-31,True,3987
12491.0,France,2010-01-01,2099-12-31,True,3988
14485.0,United Kingdom,2010-01-01,2099-12-31,True,3989
13868.0,United Kingdom,2010-01-01,2099-12-31,True,3990
15423.0,United Kingdom,2010-01-01,2099-12-31,True,3991
17668.0,United Kingdom,2010-01-01,2099-12-31,True,3992
16971.0,United Kingdom,2010-01-01,2099-12-31,True,3993
16352.0,United Kingdom,2010-01-01,2099-12-31,True,3994
16884.0,United Kingdom,2010-01-01,2099-12-31,True,3995
15830.0,United Kingdom,2010-01-01,2099-12-31,True,3996
14216.0,United Kingdom,2010-01-01,2099-12-31,True,3997
15275.0,United Kingdom,2010-01-01,2099-12-31,True,3998
16790.0,United Kingdom,2010-01-01,2099-12-31,True,3999
15576.0,United Kingdom,2010-01-01,2099-12-31,True,4000
18105.0,United Kingdom,2010-01-01,2099-12-31,True,4001
18164.0,United Kingdom,2010-01-01,2099-12-31,True,4002
14974.0,United Kingdom,2010-01-01,2099-12-31,True,4003
17947.0,United Kingdom,2010-01-01,2099-12-31,True,4004
13318.0,United Kingdom,2010-01-01,2099-12-31,True,4005
18104.0,United Kingdom,2010-01-01,2099-12-31,True,4006
13271.0,United Kingdom,2010-01-01,2099-12-31,True,4007
17595.0,United Kingdom,2010-01-01,2099-12-31,True,4008
14528.0,United Kingdom,2010-01-01,2099-12-31,True,4009
17432.0,United Kingdom,2010-01-01,2099-12-31,True,4010
16337.0,United Kingdom,2010-01-01,2099-12-31,True,4011
14098.0,United Kingdom,2010-01-01,2099-12-31,True,4012
15551.0,United Kingdom,2010-01-01,2099-12-31,True,4013
16347.0,United Kingdom,2010-01-01,2099-12-31,True,4014
13721.0,United Kingdom,2010-01-01,2099-12-31,True,4015
16322.0,United Kingdom,2010-01-01,2099-12-31,True,4016
17403.0,United Kingdom,2010-01-01,2099-12-31,True,4017
16914.0,United Kingdom,2010-01-01,2099-12-31,True,4018
16602.0,United Kingdom,2010-01-01,2099-12-31,True,4019
12544.0,Spain,2010-01-01,2099-12-31,True,4020
13914.0,United Kingdom,2010-01-01,2099-12-31,True,4021
13467.0,United Kingdom,2010-01-01,2099-12-31,True,4022
17221.0,United Kingdom,2010-01-01,2099-12-31,True,4023
17078.0,United Kingdom,2010-01-01,2099-12-31,True,4024
13447.0,United Kingdom,2010-01-01,2099-12-31,True,4025
15010.0,United Kingdom,2010-01-01,2099-12-31,True,4026
18022.0,United Kingdom,2010-01-01,2099-12-31,True,4027
16318.0,United Kingdom,2010-01-01,2099-12-31,True,4028
17274.0,United Kingdom,2010-01-01,2099-12-31,True,4029
15597.0,United Kingdom,2010-01-01,2099-12-31,True,4030
17233.0,United Kingdom,2010-01-01,2099-12-31,True,4031
16887.0,United Kingdom,2010-01-01,2099-12-31,True,4032
13938.0,United Kingdom,2010-01-01,2099-12-31,True,4033
17084.0,United Kingdom,2010-01-01,2099-12-31,True,4034
14882.0,United Kingdom,2010-01-01,2099-12-31,True,4035
15017.0,United Kingdom,2010-01-01,2099-12-31,True,4036
12882.0,United Kingdom,2010-01-01,2099-12-31,True,4037
17387.0,United Kingdom,2010-01-01,2099-12-31,True,4038
13727.0,United Kingdom,2010-01-01,2099-12-31,True,4039
13532.0,United Kingdom,2010-01-01,2099-12-31,True,4040
16445.0,United Kingdom,2010-01-01,2099-12-31,True,4041
15156.0,United Kingdom,2010-01-01,2099-12-31,True,4042
16372.0,United Kingdom,2010-01-01,2099-12-31,True,4043
17608.0,United Kingdom,2010-01-01,2099-12-31,True,4044
12638.0,Sweden,2010-01-01,2099-12-31,True,4045
14174.0,United Kingdom,2010-01-01,2099-12-31,True,4046
14039.0,United Kingdom,2010-01-01,2099-12-31,True,4047
13040.0,United Kingdom,2010-01-01,2099-12-31,True,4048
15883.0,United Kingdom,2010-01-01,2099-12-31,True,4049
14664.0,United Kingdom,2010-01-01,2099-12-31,True,4050
15526.0,United Kingdom,2010-01-01,2099-12-31,True,4051
17831.0,United Kingdom,2010-01-01,2099-12-31,True,4052
15025.0,United Kingdom,2010-01-01,2099-12-31,True,4053
12357.0,Switzerland,2010-01-01,2099-12-31,True,4054
17761.0,United Kingdom,2010-01-01,2099-12-31,True,4055
15870.0,United Kingdom,2010-01-01,2099-12-31,True,4056
14080.0,United Kingdom,2010-01-01,2099-12-31,True,4057
17623.0,United Kingdom,2010-01-01,2099-12-31,True,4058
13673.0,United Kingdom,2010-01-01,2099-12-31,True,4059
14073.0,United Kingdom,2010-01-01,2099-12-31,True,4060
16070.0,United Kingdom,2010-01-01,2099-12-31,True,4061
13066.0,United Kingdom,2010-01-01,2099-12-31,True,4062
14929.0,United Kingdom,2010-01-01,2099-12-31,True,4063
13710.0,United Kingdom,2010-01-01,2099-12-31,True,4064
16732.0,United Kingdom,2010-01-01,2099-12-31,True,4065
14140.0,United Kingdom,2010-01-01,2099-12-31,True,4066
17219.0,United Kingdom,2010-01-01,2099-12-31,True,4067
16505.0,United Kingdom,2010-01-01,2099-12-31,True,4068
15957.0,United Kingdom,2010-01-01,2099-12-31,True,4069
18123.0,United Kingdom,2010-01-01,2099-12-31,True,4070
15043.0,United Kingdom,2010-01-01,2099-12-31,True,4071
17313.0,United Kingdom,2010-01-01,2099-12-31,True,4072
18216.0,United Kingdom,2010-01-01,2099-12-31,True,4073
17022.0,United Kingdom,2010-01-01,2099-12-31,True,4074
15153.0,United Kingdom,2010-01-01,2099-12-31,True,4075
16759.0,United Kingdom,2010-01-01,2099-12-31,True,4076
16751.0,United Kingdom,2010-01-01,2099-12-31,True,4077
12893.0,United Kingdom,2010-01-01,2099-12-31,True,4078
14836.0,United Kingdom,2010-01-01,2099-12-31,True,4079
17011.0,United Kingdom,2010-01-01,2099-12-31,True,4080
12532.0,France,2010-01-01,2099-12-31,True,4081
17038.0,United Kingdom,2010-01-01,2099-12-31,True,4082
14968.0,United Kingdom,2010-01-01,2099-12-31,True,4083
12504.0,Germany,2010-01-01,2099-12-31,True,4084
16516.0,United Kingdom,2010-01-01,2099-12-31,True,4085
13522.0,United Kingdom,2010-01-01,2099-12-31,True,4086
15986.0,United Kingdom,2010-01-01,2099-12-31,True,4087
13992.0,United Kingdom,2010-01-01,2099-12-31,True,4088
14354.0,United Kingdom,2010-01-01,2099-12-31,True,4089
16986.0,United Kingdom,2010-01-01,2099-12-31,True,4090
16953.0,United Kingdom,2010-01-01,2099-12-31,True,4091
18274.0,United Kingdom,2010-01-01,2099-12-31,True,4092
15450.0,United Kingdom,2010-01-01,2099-12-31,True,4093
15531.0,United Kingdom,2010-01-01,2099-12-31,True,4094
17500.0,United Kingdom,2010-01-01,2099-12-31,True,4095
17197.0,United Kingdom,2010-01-01,2099-12-31,True,4096
16025.0,United Kingdom,2010-01-01,2099-12-31,True,4097
12659.0,France,2010-01-01,2099-12-31,True,4098
17461.0,United Kingdom,2010-01-01,2099-12-31,True,4099
17791.0,United Kingdom,2010-01-01,2099-12-31,True,4100
15463.0,United Kingdom,2010-01-01,2099-12-31,True,4101
17977.0,United Kingdom,2010-01-01,2099-12-31,True,4102
12617.0,France,2010-01-01,2099-12-31,True,4103
14863.0,United Kingdom,2010-01-01,2099-12-31,True,4104
16903.0,United Kingdom,2010-01-01,2099-12-31,True,4105
12508.0,France,2010-01-01,2099-12-31,True,4106
17502.0,United Kingdom,2010-01-01,2099-12-31,True,4107
12538.0,Spain,2010-01-01,2099-12-31,True,4108
17901.0,United Kingdom,2010-01-01,2099-12-31,True,4109
14789.0,United Kingdom,2010-01-01,2099-12-31,True,4110
18209.0,United Kingdom,2010-01-01,2099-12-31,True,4111
12985.0,United Kingdom,2010-01-01,2099-12-31,True,4112
15557.0,United Kingdom,2010-01-01,2099-12-31,True,4113
16433.0,United Kingdom,2010-01-01,2099-12-31,True,4114
15692.0,United Kingdom,2010-01-01,2099-12-31,True,4115
17052.0,United Kingdom,2010-01-01,2099-12-31,True,4116
16368.0,United Kingdom,2010-01-01,2099-12-31,True,4117
18014.0,United Kingdom,2010-01-01,2099-12-31,True,4118
13732.0,United Kingdom,2010-01-01,2099-12-31,True,4119
13091.0,United Kingdom,2010-01-01,2099-12-31,True,4120
14661.0,United Kingdom,2010-01-01,2099-12-31,True,4121
13170.0,United Kingdom,2010-01-01,2099-12-31,True,4122
15654.0,United Kingdom,2010-01-01,2099-12-31,True,4123
13146.0,United Kingdom,2010-01-01,2099-12-31,True,4124
14788.0,United Kingdom,2010-01-01,2099-12-31,True,4125
13603.0,United Kingdom,2010-01-01,2099-12-31,True,4126
14382.0,United Kingdom,2010-01-01,2099-12-31,True,4127
16720.0,United Kingdom,2010-01-01,2099-12-31,True,4128
14904.0,United Kingdom,2010-01-01,2099-12-31,True,4129
14494.0,United Kingdom,2010-01-01,2099-12-31,True,4130
14902.0,United Kingdom,2010-01-01,2099-12-31,True,4131
16936.0,United Kingdom,2010-01-01,2099-12-31,True,4132
12938.0,United Kingdom,2010-01-01,2099-12-31,True,4133
15168.0,United Kingdom,2010-01-01,2099-12-31,True,4134
17538.0,United Kingdom,2010-01-01,2099-12-31,True,4135
18082.0,United Kingdom,2010-01-01,2099-12-31,True,4136
18117.0,United Kingdom,2010-01-01,2099-12-31,True,4137
15458.0,United Kingdom,2010-01-01,2099-12-31,True,4138
17566.0,United Kingdom,2010-01-01,2099-12-31,True,4139
16207.0,United Kingdom,2010-01-01,2099-12-31,True,4140
12762.0,Portugal,2010-01-01,2099-12-31,True,4141
17793.0,United Kingdom,2010-01-01,2099-12-31,True,4142
17044.0,United Kingdom,2010-01-01,2099-12-31,True,4143
14953.0,United Kingdom,2010-01-01,2099-12-31,True,4144
16504.0,United Kingdom,2010-01-01,2099-12-31,True,4145
12374.0,Austria,2010-01-01,2099-12-31,True,4146
15009.0,United Kingdom,2010-01-01,2099-12-31,True,4147
16423.0,United Kingdom,2010-01-01,2099-12-31,True,4148
15419.0,United Kingdom,2010-01-01,2099-12-31,True,4149
17510.0,United Kingdom,2010-01-01,2099-12-31,True,4150
15758.0,United Kingdom,2010-01-01,2099-12-31,True,4151
15524.0,United Kingdom,2010-01-01,2099-12-31,True,4152
14725.0,United Kingdom,2010-01-01,2099-12-31,True,4153
14666.0,United Kingdom,2010-01-01,2099-12-31,True,4154
14714.0,United Kingdom,2010-01-01,2099-12-31,True,4155
17153.0,United Kingdom,2010-01-01,2099-12-31,True,4156
12950.0,United Kingdom,2010-01-01,2099-12-31,True,4157
15720.0,United Kingdom,2010-01-01,2099-12-31,True,4158
18181.0,United Kingdom,2010-01-01,2099-12-31,True,4159
15556.0,United Kingdom,2010-01-01,2099-12-31,True,4160
17357.0,United Kingdom,2010-01-01,2099-12-31,True,4161
12890.0,United Kingdom,2010-01-01,2099-12-31,True,4162
13449.0,United Kingdom,2010-01-01,2099-12-31,True,4163
15269.0,United Kingdom,2010-01-01,2099-12-31,True,4164
14385.0,United Kingdom,2010-01-01,2099-12-31,True,4165
15900.0,United Kingdom,2010-01-01,2099-12-31,True,4166
17680.0,United Kingdom,2010-01-01,2099-12-31,True,4167
13926.0,United Kingdom,2010-01-01,2099-12-31,True,4168
16204.0,United Kingdom,2010-01-01,2099-12-31,True,4169
17896.0,United Kingdom,2010-01-01,2099-12-31,True,4170
17835.0,United Kingdom,2010-01-01,2099-12-31,True,4171
15432.0,United Kingdom,2010-01-01,2099-12-31,True,4172
18006.0,United Kingdom,2010-01-01,2099-12-31,True,4173
15657.0,United Kingdom,2010-01-01,2099-12-31,True,4174
17237.0,United Kingdom,2010-01-01,2099-12-31,True,4175
13160.0,United Kingdom,2010-01-01,2099-12-31,True,4176
12847.0,United Kingdom,2010-01-01,2099-12-31,True,4177
17397.0,United Kingdom,2010-01-01,2099-12-31,True,4178
17985.0,United Kingdom,2010-01-01,2099-12-31,True,4179
14362.0,United Kingdom,2010-01-01,2099-12-31,True,4180
13828.0,United Kingdom,2010-01-01,2099-12-31,True,4181
15435.0,United Kingdom,2010-01-01,2099-12-31,True,4182
12445.0,Spain,2010-01-01,2099-12-31,True,4183
12603.0,Germany,2010-01-01,2099-12-31,True,4184
14641.0,United Kingdom,2010-01-01,2099-12-31,True,4185
12618.0,Italy,2010-01-01,2099-12-31,True,4186
15621.0,United Kingdom,2010-01-01,2099-12-31,True,4187
12391.0,Cyprus,2010-01-01,2099-12-31,True,4188
18034.0,United Kingdom,2010-01-01,2099-12-31,True,4189
17286.0,United Kingdom,2010-01-01,2099-12-31,True,4190
17904.0,United Kingdom,2010-01-01,2099-12-31,True,4191
17301.0,United Kingdom,2010-01-01,2099-12-31,True,4192
15368.0,United Kingdom,2010-01-01,2099-12-31,True,4193
14793.0,United Kingdom,2010-01-01,2099-12-31,True,4194
17650.0,United Kingdom,2010-01-01,2099-12-31,True,4195
12702.0,Germany,2010-01-01,2099-12-31,True,4196
14881.0,United Kingdom,2010-01-01,2099-12-31,True,4197
16784.0,United Kingdom,2010-01-01,2099-12-31,True,4198
14052.0,United Kingdom,2010-01-01,2099-12-31,True,4199
18110.0,United Kingdom,2010-01-01,2099-12-31,True,4200
17561.0,United Kingdom,2010-01-01,2099-12-31,True,4201
15988.0,United Kingdom,2010-01-01,2099-12-31,True,4202
17523.0,United Kingdom,2010-01-01,2099-12-31,True,4203
14950.0,United Kingdom,2010-01-01,2099-12-31,True,4204
16666.0,United Kingdom,2010-01-01,2099-12-31,True,4205
14860.0,United Kingdom,2010-01-01,2099-12-31,True,4206
17636.0,United Kingdom,2010-01-01,2099-12-31,True,4207
13832.0,United Kingdom,2010-01-01,2099-12-31,True,4208
13142.0,United Kingdom,2010-01-01,2099-12-31,True,4209
16366.0,United Kingdom,2010-01-01,2099-12-31,True,4210
14300.0,United Kingdom,2010-01-01,2099-12-31,True,4211
12349.0,Italy,2010-01-01,2099-12-31,True,4212
12658.0,Germany,2010-01-01,2099-12-31,True,4213
12795.0,Portugal,2010-01-01,2099-12-31,True,4214
15567.0,United Kingdom,2010-01-01,2099-12-31,True,4215
15645.0,United Kingdom,2010-01-01,2099-12-31,True,4216
16406.0,United Kingdom,2010-01-01,2099-12-31,True,4217
15857.0,United Kingdom,2010-01-01,2099-12-31,True,4218
12984.0,United Kingdom,2010-01-01,2099-12-31,True,4219
17253.0,United Kingdom,2010-01-01,2099-12-31,True,4220
13739.0,United Kingdom,2010-01-01,2099-12-31,True,4221
18139.0,United Kingdom,2010-01-01,2099-12-31,True,4222
15274.0,United Kingdom,2010-01-01,2099-12-31,True,4223
17010.0,United Kingdom,2010-01-01,2099-12-31,True,4224
15115.0,United Kingdom,2010-01-01,2099-12-31,True,4225
17100.0,United Kingdom,2010-01-01,2099-12-31,True,4226
15699.0,United Kingdom,2010-01-01,2099-12-31,True,4227
13403.0,United Kingdom,2010-01-01,2099-12-31,True,4228
16956.0,United Kingdom,2010-01-01,2099-12-31,True,4229
17600.0,United Kingdom,2010-01-01,2099-12-31,True,4230
15877.0,United Kingdom,2010-01-01,2099-12-31,True,4231
14424.0,United Kingdom,2010-01-01,2099-12-31,True,4232
13322.0,United Kingdom,2010-01-01,2099-12-31,True,4233
17297.0,United Kingdom,2010-01-01,2099-12-31,True,4234
13986.0,United Kingdom,2010-01-01,2099-12-31,True,4235
12920.0,United Kingdom,2010-01-01,2099-12-31,True,4236
18249.0,United Kingdom,2010-01-01,2099-12-31,True,4237
12586.0,Italy,2010-01-01,2099-12-31,True,4238
15634.0,United Kingdom,2010-01-01,2099-12-31,True,4239
16376.0,United Kingdom,2010-01-01,2099-12-31,True,4240
16811.0,United Kingdom,2010-01-01,2099-12-31,True,4241
12452.0,Switzerland,2010-01-01,2099-12-31,True,4242
14581.0,United Kingdom,2010-01-01,2099-12-31,True,4243
14675.0,United Kingdom,2010-01-01,2099-12-31,True,4244
18084.0,United Kingdom,2010-01-01,2099-12-31,True,4245
17290.0,United Kingdom,2010-01-01,2099-12-31,True,4246
16343.0,United Kingdom,2010-01-01,2099-12-31,True,4247
13638.0,United Kingdom,2010-01-01,2099-12-31,True,4248
16482.0,United Kingdom,2010-01-01,2099-12-31,True,4249
12784.0,Portugal,2010-01-01,2099-12-31,True,4250
17458.0,United Kingdom,2010-01-01,2099-12-31,True,4251
14785.0,United Kingdom,2010-01-01,2099-12-31,True,4252
17254.0,United Kingdom,2010-01-01,2099-12-31,True,4253
17767.0,United Kingdom,2010-01-01,2099-12-31,True,4254
15725.0,United Kingdom,2010-01-01,2099-12-31,True,4255
17247.0,United Kingdom,2010-01-01,2099-12-31,True,4256
18184.0,United Kingdom,2010-01-01,2099-12-31,True,4257
15428.0,United Kingdom,2010-01-01,2099-12-31,True,4258
17727.0,United Kingdom,2010-01-01,2099-12-31,True,4259
14756.0,United Kingdom,2010-01-01,2099-12-31,True,4260
16856.0,United Kingdom,2010-01-01,2099-12-31,True,4261
14703.0,United Kingdom,2010-01-01,2099-12-31,True,4262
17385.0,United Kingdom,2010-01-01,2099-12-31,True,4263
12531.0,Germany,2010-01-01,2099-12-31,True,4264
15872.0,United Kingdom,2010-01-01,2099-12-31,True,4265
14966.0,United Kingdom,2010-01-01,2099-12-31,True,4266
17232.0,United Kingdom,2010-01-01,2099-12-31,True,4267
17468.0,United Kingdom,2010-01-01,2099-12-31,True,4268
13332.0,United Kingdom,2010-01-01,2099-12-31,True,4269
14946.0,United Kingdom,2010-01-01,2099-12-31,True,4270
13596.0,United Kingdom,2010-01-01,2099-12-31,True,4271
16024.0,United Kingdom,2010-01-01,2099-12-31,True,4272
14954.0,United Kingdom,2010-01-01,2099-12-31,True,4273
17885.0,United Kingdom,2010-01-01,2099-12-31,True,4274
14093.0,United Kingdom,2010-01-01,2099-12-31,True,4275
14893.0,United Kingdom,2010-01-01,2099-12-31,True,4276
15721.0,United Kingdom,2010-01-01,2099-12-31,True,4277
17852.0,United Kingdom,2010-01-01,2099-12-31,True,4278
13844.0,United Kingdom,2010-01-01,2099-12-31,True,4279
12479.0,Germany,2010-01-01,2099-12-31,True,4280
12660.0,France,2010-01-01,2099-12-31,True,4281
15540.0,United Kingdom,2010-01-01,2099-12-31,True,4282
17379.0,United Kingdom,2010-01-01,2099-12-31,True,4283
16800.0,United Kingdom,2010-01-01,2099-12-31,True,4284
17806.0,United Kingdom,2010-01-01,2099-12-31,True,4285
17359.0,United Kingdom,2010-01-01,2099-12-31,True,4286
13188.0,United Kingdom,2010-01-01,2099-12-31,True,4287
14480.0,United Kingdom,2010-01-01,2099-12-31,True,4288
13349.0,United Kingdom,2010-01-01,2099-12-31,True,4289
15619.0,United Kingdom,2010-01-01,2099-12-31,True,4290
15148.0,United Kingdom,2010-01-01,2099-12-31,True,4291
14601.0,United Kingdom,2010-01-01,2099-12-31,True,4292
15783.0,United Kingdom,2010-01-01,2099-12-31,True,4293
17772.0,United Kingdom,2010-01-01,2099-12-31,True,4294
14126.0,United Kingdom,2010-01-01,2099-12-31,True,4295
16479.0,United Kingdom,2010-01-01,2099-12-31,True,4296
13428.0,United Kingdom,2010-01-01,2099-12-31,True,4297
15790.0,United Kingdom,2010-01-01,2099-12-31,True,4298
13521.0,United Kingdom,2010-01-01,2099-12-31,True,4299
14349.0,United Kingdom,2010-01-01,2099-12-31,True,4300
18058.0,United Kingdom,2010-01-01,2099-12-31,True,4301
12953.0,United Kingdom,2010-01-01,2099-12-31,True,4302
12966.0,United Kingdom,2010-01-01,2099-12-31,True,4303
15060.0,United Kingdom,2010-01-01,2099-12-31,True,4304
17911.0,United Kingdom,2010-01-01,2099-12-31,True,4305
14804.0,United Kingdom,2010-01-01,2099-12-31,True,4306
15904.0,United Kingdom,2010-01-01,2099-12-31,True,4307
16789.0,United Kingdom,2010-01-01,2099-12-31,True,4308
12558.0,USA,2010-01-01,2099-12-31,True,4309
17942.0,United Kingdom,2010-01-01,2099-12-31,True,4310
12587.0,Finland,2010-01-01,2099-12-31,True,4311
13560.0,United Kingdom,2010-01-01,2099-12-31,True,4312
15539.0,United Kingdom,2010-01-01,2099-12-31,True,4313
13017.0,United Kingdom,2010-01-01,2099-12-31,True,4314
18174.0,United Kingdom,2010-01-01,2099-12-31,True,4315
13153.0,United Kingdom,2010-01-01,2099-12-31,True,4316
15773.0,United Kingdom,2010-01-01,2099-12-31,True,4317
17936.0,United Kingdom,2010-01-01,2099-12-31,True,4318
16535.0,United Kingdom,2010-01-01,2099-12-31,True,4319
16988.0,United Kingdom,2010-01-01,2099-12-31,True,4320
15097.0,United Kingdom,2010-01-01,2099-12-31,True,4321
18015.0,United Kingdom,2010-01-01,2099-12-31,True,4322
16597.0,United Kingdom,2010-01-01,2099-12-31,True,4323
13790.0,United Kingdom,2010-01-01,2099-12-31,True,4324
14219.0,United Kingdom,2010-01-01,2099-12-31,True,4325
12367.0,Denmark,2010-01-01,2099-12-31,True,4326
17383.0,United Kingdom,2010-01-01,2099-12-31,True,4327
12478.0,Greece,2010-01-01,2099-12-31,True,4328
15992.0,United Kingdom,2010-01-01,2099-12-31,True,4329
15318.0,United Kingdom,2010-01-01,2099-12-31,True,4330
17914.0,United Kingdom,2010-01-01,2099-12-31,True,4331
16528.0,United Kingdom,2010-01-01,2099-12-31,True,4332
12442.0,Spain,2010-01-01,2099-12-31,True,4333
16569.0,United Kingdom,2010-01-01,2099-12-31,True,4334
12650.0,France,2010-01-01,2099-12-31,True,4335
14578.0,United Kingdom,2010-01-01,2099-12-31,True,4336
16000.0,United Kingdom,2010-01-01,2099-12-31,True,4337
15195.0,United Kingdom,2010-01-01,2099-12-31,True,4338
14087.0,United Kingdom,2010-01-01,2099-12-31,True,4339
14204.0,United Kingdom,2010-01-01,2099-12-31,True,4340
15471.0,United Kingdom,2010-01-01,2099-12-31,True,4341
13436.0,United Kingdom,2010-01-01,2099-12-31,True,4342
15520.0,United Kingdom,2010-01-01,2099-12-31,True,4343
13298.0,United Kingdom,2010-01-01,2099-12-31,True,4344
14569.0,United Kingdom,2010-01-01,2099-12-31,True,4345
12713.0,Germany,2010-01-01,2099-12-31,True,4346
